coinbase,0.0,fetch time,2017-04-10 07:56:30
coinbase,0.0,fetch time,2017-04-10 07:56:32
coinbase,0.0,fetch time,2017-04-10 07:56:34
coinbase,0.0,fetch time,2017-04-10 07:56:36
coinbase,0.0,fetch time,2017-04-10 07:56:38
coinbase,0.0,fetch time,2017-04-10 07:56:40
coinbase,0.0,fetch time,2017-04-10 07:56:41
coinbase,0.0,fetch time,2017-04-10 07:56:43
coinbase,0.0,fetch time,2017-04-10 07:56:45
coinbase,0.0,fetch time,2017-04-10 07:56:47
coinbase,0.0,fetch time,2017-04-10 07:56:49
coinbase,0.0,fetch time,2017-04-10 07:56:51
coinbase,0.0,fetch time,2017-04-10 07:56:53
coinbase,0.0,fetch time,2017-04-10 07:56:56
coinbase,0.0,fetch time,2017-04-10 07:56:58
coinbase,0.0,fetch time,2017-04-10 07:57:00
coinbase,0.0,fetch time,2017-04-10 07:57:05
coinbase,0.0,fetch time,2017-04-10 07:57:07
coinbase,0.0,fetch time,2017-04-10 07:57:09
coinbase,0.0,fetch time,2017-04-10 07:57:11
coinbase,0.0,fetch time,2017-04-10 07:57:12
coinbase,0.0,fetch time,2017-04-10 07:57:14
coinbase,0.0,fetch time,2017-04-10 07:57:16
coinbase,0.0,fetch time,2017-04-10 07:57:18
coinbase,0.0,fetch time,2017-04-10 07:57:20
coinbase,0.0,fetch time,2017-04-10 07:57:22
coinbase,0.0,fetch time,2017-04-10 07:57:24
coinbase,0.0,fetch time,2017-04-10 07:57:25
coinbase,0.0,fetch time,2017-04-10 07:57:27
coinbase,0.0,fetch time,2017-04-10 07:57:29
coinbase,0.0,fetch time,2017-04-10 07:57:31
coinbase,0.0,fetch time,2017-04-10 07:57:33
coinbase,0.0,fetch time,2017-04-10 07:57:35
coinbase,0.0,fetch time,2017-04-10 07:57:37
coinbase,0.0,fetch time,2017-04-10 07:57:39
coinbase,0.0,fetch time,2017-04-10 07:57:41
coinbase,0.0,fetch time,2017-04-10 07:57:43
coinbase,0.0,fetch time,2017-04-10 07:57:45
coinbase,0.0,fetch time,2017-04-10 07:57:47
coinbase,0.0,fetch time,2017-04-10 07:57:49
coinbase,0.0,fetch time,2017-04-10 07:57:51
coinbase,0.0,fetch time,2017-04-10 07:57:53
coinbase,0.0,fetch time,2017-04-10 07:57:55
coinbase,0.0,fetch time,2017-04-10 07:57:57
coinbase,0.0,fetch time,2017-04-10 07:57:59
coinbase,0.0,fetch time,2017-04-10 07:58:01
coinbase,0.0,fetch time,2017-04-10 07:58:03
coinbase,0.0,fetch time,2017-04-10 07:58:05
coinbase,0.0,fetch time,2017-04-10 07:58:07
coinbase,0.0,fetch time,2017-04-10 07:58:09
coinbase,0.0,fetch time,2017-04-10 07:58:11
coinbase,0.0,fetch time,2017-04-10 07:58:13
coinbase,0.0,fetch time,2017-04-10 07:58:15
coinbase,0.0,fetch time,2017-04-10 07:58:17
coinbase,0.0,fetch time,2017-04-10 07:58:19
coinbase,0.0,fetch time,2017-04-10 07:58:20
coinbase,0.0,fetch time,2017-04-10 07:58:22
coinbase,0.0,fetch time,2017-04-10 07:58:24
coinbase,0.0,fetch time,2017-04-10 07:58:26
coinbase,0.0,fetch time,2017-04-10 07:58:28
coinbase,0.0,fetch time,2017-04-10 07:58:30
coinbase,0.0,fetch time,2017-04-10 07:58:32
coinbase,0.0,fetch time,2017-04-10 07:58:34
coinbase,0.0,fetch time,2017-04-10 07:58:36
coinbase,0.0,fetch time,2017-04-10 07:58:38
coinbase,0.0,fetch time,2017-04-10 07:58:40
coinbase,0.0,fetch time,2017-04-10 07:58:42
coinbase,0.0,fetch time,2017-04-10 07:58:44
coinbase,0.0,fetch time,2017-04-10 07:58:46
coinbase,0.0,fetch time,2017-04-10 07:58:48
coinbase,0.0,fetch time,2017-04-10 07:58:50
coinbase,0.0,fetch time,2017-04-10 07:58:52
coinbase,0.0,fetch time,2017-04-10 07:58:53
coinbase,0.0,fetch time,2017-04-10 07:58:55
coinbase,0.0,fetch time,2017-04-10 07:58:57
coinbase,0.0,fetch time,2017-04-10 07:58:59
coinbase,0.0,fetch time,2017-04-10 07:59:01
coinbase,0.0,fetch time,2017-04-10 07:59:03
coinbase,0.0,fetch time,2017-04-10 07:59:04
coinbase,0.0,fetch time,2017-04-10 07:59:06
coinbase,0.0,fetch time,2017-04-10 07:59:08
coinbase,0.0,fetch time,2017-04-10 07:59:10
coinbase,0.0,fetch time,2017-04-10 07:59:12
coinbase,0.0,fetch time,2017-04-10 07:59:14
coinbase,0.0,fetch time,2017-04-10 07:59:16
coinbase,0.0,fetch time,2017-04-10 07:59:18
coinbase,0.0,fetch time,2017-04-10 07:59:20
coinbase,0.0,fetch time,2017-04-10 07:59:22
coinbase,0.0,fetch time,2017-04-10 07:59:25
coinbase,0.0,fetch time,2017-04-10 07:59:27
coinbase,0.0,fetch time,2017-04-10 07:59:29
coinbase,0.0,fetch time,2017-04-10 07:59:31
coinbase,0.0,fetch time,2017-04-10 07:59:33
coinbase,0.0,fetch time,2017-04-10 07:59:35
coinbase,0.0,fetch time,2017-04-10 07:59:37
coinbase,0.0,fetch time,2017-04-10 07:59:39
coinbase,0.0,fetch time,2017-04-10 07:59:41
coinbase,0.0,fetch time,2017-04-10 07:59:43
coinbase,0.0,fetch time,2017-04-10 07:59:45
coinbase,0.0,fetch time,2017-04-10 07:59:47
coinbase,0.0,fetch time,2017-04-10 07:59:49
coinbase,0.0,fetch time,2017-04-10 07:59:51
coinbase,0.0,fetch time,2017-04-10 07:59:53
coinbase,0.0,fetch time,2017-04-10 07:59:55
coinbase,0.0,fetch time,2017-04-10 07:59:57
coinbase,0.0,fetch time,2017-04-10 07:59:58
coinbase,0.0,fetch time,2017-04-10 08:00:00
coinbase,0.0,fetch time,2017-04-10 08:00:02
coinbase,0.0,fetch time,2017-04-10 08:00:04
coinbase,0.0,fetch time,2017-04-10 08:00:06
coinbase,0.0,fetch time,2017-04-10 08:00:08
coinbase,0.0,fetch time,2017-04-10 08:00:15
coinbase,0.0,fetch time,2017-04-10 08:00:17
coinbase,0.0,fetch time,2017-04-10 08:00:19
coinbase,0.0,fetch time,2017-04-10 08:00:20
coinbase,0.0,fetch time,2017-04-10 08:00:23
coinbase,0.0,fetch time,2017-04-10 08:00:25
coinbase,0.0,fetch time,2017-04-10 08:00:27
coinbase,0.0,fetch time,2017-04-10 08:00:29
coinbase,0.0,fetch time,2017-04-10 08:00:31
coinbase,0.0,fetch time,2017-04-10 08:00:32
coinbase,0.0,fetch time,2017-04-10 08:00:34
coinbase,0.0,fetch time,2017-04-10 08:00:36
coinbase,0.0,fetch time,2017-04-10 08:00:38
coinbase,0.0,fetch time,2017-04-10 08:00:40
coinbase,0.0,fetch time,2017-04-10 08:00:42
coinbase,0.0,fetch time,2017-04-10 08:00:44
coinbase,0.0,fetch time,2017-04-10 08:00:46
coinbase,0.0,fetch time,2017-04-10 08:00:48
coinbase,0.0,fetch time,2017-04-10 08:00:50
coinbase,0.0,fetch time,2017-04-10 08:00:52
coinbase,0.0,fetch time,2017-04-10 08:00:54
coinbase,0.0,fetch time,2017-04-10 08:00:56
coinbase,0.0,fetch time,2017-04-10 08:01:01
coinbase,0.0,fetch time,2017-04-10 08:01:03
coinbase,0.0,fetch time,2017-04-10 08:01:05
coinbase,0.0,fetch time,2017-04-10 08:01:07
coinbase,0.0,fetch time,2017-04-10 08:01:09
coinbase,0.0,fetch time,2017-04-10 08:01:12
coinbase,0.0,fetch time,2017-04-10 08:01:14
coinbase,0.0,fetch time,2017-04-10 08:01:16
coinbase,0.0,fetch time,2017-04-10 08:01:18
coinbase,0.0,fetch time,2017-04-10 08:01:20
coinbase,0.0,fetch time,2017-04-10 08:01:22
coinbase,0.0,fetch time,2017-04-10 08:01:24
coinbase,0.0,fetch time,2017-04-10 08:01:26
coinbase,0.0,fetch time,2017-04-10 08:01:27
coinbase,0.0,fetch time,2017-04-10 08:01:29
coinbase,0.0,fetch time,2017-04-10 08:01:31
coinbase,0.0,fetch time,2017-04-10 08:01:33
coinbase,0.0,fetch time,2017-04-10 08:01:35
coinbase,0.0,fetch time,2017-04-10 08:01:37
coinbase,0.0,fetch time,2017-04-10 08:01:39
coinbase,0.0,fetch time,2017-04-10 08:01:41
coinbase,0.0,fetch time,2017-04-10 08:01:43
coinbase,0.0,fetch time,2017-04-10 08:01:45
coinbase,0.0,fetch time,2017-04-10 08:01:46
coinbase,0.0,fetch time,2017-04-10 08:02:03
coinbase,0.0,fetch time,2017-04-10 08:02:05
coinbase,0.0,fetch time,2017-04-10 08:02:07
coinbase,0.0,fetch time,2017-04-10 08:02:09
coinbase,0.0,fetch time,2017-04-10 08:02:11
coinbase,0.0,fetch time,2017-04-10 08:02:12
coinbase,0.0,fetch time,2017-04-10 08:02:14
coinbase,0.0,fetch time,2017-04-10 08:02:16
coinbase,0.0,fetch time,2017-04-10 08:02:18
coinbase,0.0,fetch time,2017-04-10 08:02:20
coinbase,0.0,fetch time,2017-04-10 08:02:22
coinbase,0.0,fetch time,2017-04-10 08:02:24
coinbase,0.0,fetch time,2017-04-10 08:02:26
coinbase,0.0,fetch time,2017-04-10 08:02:28
coinbase,0.0,fetch time,2017-04-10 08:02:30
coinbase,0.0,fetch time,2017-04-10 08:02:32
coinbase,0.0,fetch time,2017-04-10 08:02:34
coinbase,0.0,fetch time,2017-04-10 08:02:36
coinbase,0.0,fetch time,2017-04-10 08:02:37
coinbase,0.0,fetch time,2017-04-10 08:02:39
coinbase,0.0,fetch time,2017-04-10 08:02:41
coinbase,0.0,fetch time,2017-04-10 08:02:43
coinbase,0.0,fetch time,2017-04-10 08:02:45
coinbase,0.0,fetch time,2017-04-10 08:02:47
coinbase,0.0,fetch time,2017-04-10 08:02:49
coinbase,0.0,fetch time,2017-04-10 08:02:51
coinbase,0.0,fetch time,2017-04-10 08:03:08
coinbase,0.0,fetch time,2017-04-10 08:03:10
coinbase,0.0,fetch time,2017-04-10 08:03:12
coinbase,0.0,fetch time,2017-04-10 08:03:14
coinbase,0.0,fetch time,2017-04-10 08:03:15
coinbase,0.0,fetch time,2017-04-10 08:03:17
coinbase,0.0,fetch time,2017-04-10 08:03:19
coinbase,0.0,fetch time,2017-04-10 08:03:21
coinbase,0.0,fetch time,2017-04-10 08:03:23
coinbase,0.0,fetch time,2017-04-10 08:03:25
coinbase,0.0,fetch time,2017-04-10 08:03:27
coinbase,0.0,fetch time,2017-04-10 08:03:29
coinbase,0.0,fetch time,2017-04-10 08:03:31
coinbase,0.0,fetch time,2017-04-10 08:03:33
coinbase,0.0,fetch time,2017-04-10 08:03:35
coinbase,0.0,fetch time,2017-04-10 08:03:37
coinbase,0.0,fetch time,2017-04-10 08:03:40
coinbase,0.0,fetch time,2017-04-10 08:03:41
coinbase,0.0,fetch time,2017-04-10 08:03:43
coinbase,0.0,fetch time,2017-04-10 08:03:45
coinbase,0.0,fetch time,2017-04-10 08:03:47
coinbase,0.0,fetch time,2017-04-10 08:03:49
coinbase,0.0,fetch time,2017-04-10 08:03:51
coinbase,0.0,fetch time,2017-04-10 08:04:03
coinbase,0.0,fetch time,2017-04-10 08:04:04
coinbase,0.0,fetch time,2017-04-10 08:04:06
coinbase,0.0,fetch time,2017-04-10 08:04:08
coinbase,0.0,fetch time,2017-04-10 08:04:10
coinbase,0.0,fetch time,2017-04-10 08:04:12
coinbase,0.0,fetch time,2017-04-10 08:04:14
coinbase,0.0,fetch time,2017-04-10 08:04:16
coinbase,0.0,fetch time,2017-04-10 08:04:18
coinbase,0.0,fetch time,2017-04-10 08:04:20
coinbase,0.0,fetch time,2017-04-10 08:04:22
coinbase,0.0,fetch time,2017-04-10 08:04:24
coinbase,0.0,fetch time,2017-04-10 08:04:26
coinbase,0.0,fetch time,2017-04-10 08:04:28
coinbase,0.0,fetch time,2017-04-10 08:04:30
coinbase,0.0,fetch time,2017-04-10 08:04:32
coinbase,0.0,fetch time,2017-04-10 08:04:34
coinbase,0.0,fetch time,2017-04-10 08:04:36
coinbase,0.0,fetch time,2017-04-10 08:04:38
coinbase,0.0,fetch time,2017-04-10 08:04:39
coinbase,0.0,fetch time,2017-04-10 08:04:41
coinbase,0.0,fetch time,2017-04-10 08:04:43
coinbase,0.0,fetch time,2017-04-10 08:04:46
coinbase,0.0,fetch time,2017-04-10 08:04:48
coinbase,0.0,fetch time,2017-04-10 08:04:50
coinbase,0.0,fetch time,2017-04-10 08:05:07
coinbase,0.0,fetch time,2017-04-10 08:05:10
coinbase,0.0,fetch time,2017-04-10 08:05:13
coinbase,0.0,fetch time,2017-04-10 08:05:16
coinbase,0.0,fetch time,2017-04-10 08:05:18
coinbase,0.0,fetch time,2017-04-10 08:05:20
coinbase,0.0,fetch time,2017-04-10 08:05:22
coinbase,0.0,fetch time,2017-04-10 08:05:25
coinbase,0.0,fetch time,2017-04-10 08:05:27
coinbase,0.0,fetch time,2017-04-10 08:05:29
coinbase,0.0,fetch time,2017-04-10 08:05:31
coinbase,0.0,fetch time,2017-04-10 08:05:33
coinbase,0.0,fetch time,2017-04-10 08:05:34
coinbase,0.0,fetch time,2017-04-10 08:05:37
coinbase,0.0,fetch time,2017-04-10 08:05:39
coinbase,0.0,fetch time,2017-04-10 08:05:41
coinbase,0.0,fetch time,2017-04-10 08:05:43
coinbase,0.0,fetch time,2017-04-10 08:05:45
coinbase,0.0,fetch time,2017-04-10 08:05:47
coinbase,0.0,fetch time,2017-04-10 08:05:49
coinbase,0.0,fetch time,2017-04-10 08:05:50
coinbase,0.0,fetch time,2017-04-10 08:05:53
coinbase,0.0,fetch time,2017-04-10 08:05:55
coinbase,0.0,fetch time,2017-04-10 08:05:57
coinbase,0.0,fetch time,2017-04-10 08:06:14
coinbase,0.0,fetch time,2017-04-10 08:06:15
coinbase,0.0,fetch time,2017-04-10 08:06:17
coinbase,0.0,fetch time,2017-04-10 08:06:19
coinbase,0.0,fetch time,2017-04-10 08:06:21
coinbase,0.0,fetch time,2017-04-10 08:06:23
coinbase,0.0,fetch time,2017-04-10 08:06:24
coinbase,0.0,fetch time,2017-04-10 08:06:26
coinbase,0.0,fetch time,2017-04-10 08:06:28
coinbase,0.0,fetch time,2017-04-10 08:06:30
coinbase,0.0,fetch time,2017-04-10 08:06:31
coinbase,0.0,fetch time,2017-04-10 08:06:33
coinbase,0.0,fetch time,2017-04-10 08:06:35
coinbase,0.0,fetch time,2017-04-10 08:06:37
coinbase,0.0,fetch time,2017-04-10 08:06:38
coinbase,0.0,fetch time,2017-04-10 08:06:40
coinbase,0.0,fetch time,2017-04-10 08:06:42
coinbase,0.0,fetch time,2017-04-10 08:06:44
coinbase,0.0,fetch time,2017-04-10 08:06:46
coinbase,0.0,fetch time,2017-04-10 08:06:47
coinbase,0.0,fetch time,2017-04-10 08:06:49
coinbase,0.0,fetch time,2017-04-10 08:06:51
coinbase,0.0,fetch time,2017-04-10 08:06:53
coinbase,0.0,fetch time,2017-04-10 08:06:55
coinbase,0.0,fetch time,2017-04-10 08:06:57
coinbase,0.0,fetch time,2017-04-10 08:07:14
coinbase,0.0,fetch time,2017-04-10 08:07:16
coinbase,0.0,fetch time,2017-04-10 08:07:17
coinbase,0.0,fetch time,2017-04-10 08:07:19
coinbase,0.0,fetch time,2017-04-10 08:07:21
coinbase,0.0,fetch time,2017-04-10 08:07:22
coinbase,0.0,fetch time,2017-04-10 08:07:24
coinbase,0.0,fetch time,2017-04-10 08:07:26
coinbase,0.0,fetch time,2017-04-10 08:07:28
coinbase,0.0,fetch time,2017-04-10 08:07:29
coinbase,0.0,fetch time,2017-04-10 08:07:31
coinbase,0.0,fetch time,2017-04-10 08:07:33
coinbase,0.0,fetch time,2017-04-10 08:07:34
coinbase,0.0,fetch time,2017-04-10 08:07:36
coinbase,0.0,fetch time,2017-04-10 08:07:38
coinbase,0.0,fetch time,2017-04-10 08:07:41
coinbase,0.0,fetch time,2017-04-10 08:07:43
coinbase,0.0,fetch time,2017-04-10 08:07:45
coinbase,0.0,fetch time,2017-04-10 08:07:47
coinbase,0.0,fetch time,2017-04-10 08:07:48
coinbase,0.0,fetch time,2017-04-10 08:07:50
coinbase,0.0,fetch time,2017-04-10 08:07:52
coinbase,0.0,fetch time,2017-04-10 08:07:54
coinbase,0.0,fetch time,2017-04-10 08:07:56
coinbase,0.0,fetch time,2017-04-10 08:08:12
coinbase,0.0,fetch time,2017-04-10 08:08:14
coinbase,0.0,fetch time,2017-04-10 08:08:16
coinbase,0.0,fetch time,2017-04-10 08:08:18
coinbase,0.0,fetch time,2017-04-10 08:08:19
coinbase,0.0,fetch time,2017-04-10 08:08:21
coinbase,0.0,fetch time,2017-04-10 08:08:24
coinbase,0.0,fetch time,2017-04-10 08:08:26
coinbase,0.0,fetch time,2017-04-10 08:08:27
coinbase,0.0,fetch time,2017-04-10 08:08:29
coinbase,0.0,fetch time,2017-04-10 08:08:31
coinbase,0.0,fetch time,2017-04-10 08:08:33
coinbase,0.0,fetch time,2017-04-10 08:08:35
coinbase,0.0,fetch time,2017-04-10 08:08:37
coinbase,0.0,fetch time,2017-04-10 08:08:38
coinbase,0.0,fetch time,2017-04-10 08:08:40
coinbase,0.0,fetch time,2017-04-10 08:08:42
coinbase,0.0,fetch time,2017-04-10 08:08:44
coinbase,0.0,fetch time,2017-04-10 08:08:45
coinbase,0.0,fetch time,2017-04-10 08:08:47
coinbase,0.0,fetch time,2017-04-10 08:08:49
coinbase,0.0,fetch time,2017-04-10 08:08:51
coinbase,0.0,fetch time,2017-04-10 08:08:52
coinbase,0.0,fetch time,2017-04-10 08:08:54
coinbase,0.0,fetch time,2017-04-10 08:08:56
coinbase,0.0,fetch time,2017-04-10 08:08:57
coinbase,0.0,fetch time,2017-04-10 08:09:14
coinbase,0.0,fetch time,2017-04-10 08:09:16
coinbase,0.0,fetch time,2017-04-10 08:09:18
coinbase,0.0,fetch time,2017-04-10 08:09:20
coinbase,0.0,fetch time,2017-04-10 08:09:21
coinbase,0.0,fetch time,2017-04-10 08:09:23
coinbase,0.0,fetch time,2017-04-10 08:09:25
coinbase,0.0,fetch time,2017-04-10 08:09:27
coinbase,0.0,fetch time,2017-04-10 08:09:28
coinbase,0.0,fetch time,2017-04-10 08:09:30
coinbase,0.0,fetch time,2017-04-10 08:09:32
coinbase,0.0,fetch time,2017-04-10 08:09:34
coinbase,0.0,fetch time,2017-04-10 08:09:36
coinbase,0.0,fetch time,2017-04-10 08:09:37
coinbase,0.0,fetch time,2017-04-10 08:09:39
coinbase,0.0,fetch time,2017-04-10 08:09:41
coinbase,0.0,fetch time,2017-04-10 08:09:43
coinbase,0.0,fetch time,2017-04-10 08:09:44
coinbase,0.0,fetch time,2017-04-10 08:09:46
coinbase,0.0,fetch time,2017-04-10 08:09:50
coinbase,0.0,fetch time,2017-04-10 08:09:52
coinbase,0.0,fetch time,2017-04-10 08:09:53
coinbase,0.0,fetch time,2017-04-10 08:09:55
coinbase,0.0,fetch time,2017-04-10 08:09:57
coinbase,0.0,fetch time,2017-04-10 08:09:58
coinbase,0.0,fetch time,2017-04-10 08:10:15
coinbase,0.0,fetch time,2017-04-10 08:10:17
coinbase,0.0,fetch time,2017-04-10 08:10:19
coinbase,0.0,fetch time,2017-04-10 08:10:20
coinbase,0.0,fetch time,2017-04-10 08:10:22
coinbase,0.0,fetch time,2017-04-10 08:10:24
coinbase,0.0,fetch time,2017-04-10 08:10:26
coinbase,0.0,fetch time,2017-04-10 08:10:27
coinbase,0.0,fetch time,2017-04-10 08:10:29
coinbase,0.0,fetch time,2017-04-10 08:10:31
coinbase,0.0,fetch time,2017-04-10 08:10:33
coinbase,0.0,fetch time,2017-04-10 08:10:34
coinbase,0.0,fetch time,2017-04-10 08:10:36
coinbase,0.0,fetch time,2017-04-10 08:10:38
coinbase,0.0,fetch time,2017-04-10 08:10:40
coinbase,0.0,fetch time,2017-04-10 08:10:42
coinbase,0.0,fetch time,2017-04-10 08:10:44
coinbase,0.0,fetch time,2017-04-10 08:10:45
coinbase,0.0,fetch time,2017-04-10 08:10:47
coinbase,0.0,fetch time,2017-04-10 08:10:49
coinbase,0.0,fetch time,2017-04-10 08:10:51
coinbase,0.0,fetch time,2017-04-10 08:10:53
coinbase,0.0,fetch time,2017-04-10 08:10:54
coinbase,0.0,fetch time,2017-04-10 08:10:56
coinbase,0.0,fetch time,2017-04-10 08:10:58
coinbase,0.0,fetch time,2017-04-10 08:11:00
coinbase,0.0,fetch time,2017-04-10 08:11:01
coinbase,0.0,fetch time,2017-04-10 08:11:03
coinbase,0.0,fetch time,2017-04-10 08:11:20
coinbase,0.0,fetch time,2017-04-10 08:11:22
coinbase,0.0,fetch time,2017-04-10 08:11:24
coinbase,0.0,fetch time,2017-04-10 08:11:26
coinbase,0.0,fetch time,2017-04-10 08:11:32
coinbase,0.0,fetch time,2017-04-10 08:11:33
coinbase,0.0,fetch time,2017-04-10 08:11:35
coinbase,0.0,fetch time,2017-04-10 08:11:37
coinbase,0.0,fetch time,2017-04-10 08:11:39
coinbase,0.0,fetch time,2017-04-10 08:11:40
coinbase,0.0,fetch time,2017-04-10 08:11:42
coinbase,0.0,fetch time,2017-04-10 08:11:44
coinbase,0.0,fetch time,2017-04-10 08:11:46
coinbase,0.0,fetch time,2017-04-10 08:11:48
coinbase,0.0,fetch time,2017-04-10 08:11:50
coinbase,0.0,fetch time,2017-04-10 08:11:51
coinbase,0.0,fetch time,2017-04-10 08:11:53
coinbase,0.0,fetch time,2017-04-10 08:11:55
coinbase,0.0,fetch time,2017-04-10 08:11:57
coinbase,0.0,fetch time,2017-04-10 08:11:58
coinbase,0.0,fetch time,2017-04-10 08:12:00
coinbase,0.0,fetch time,2017-04-10 08:12:02
coinbase,0.0,fetch time,2017-04-10 08:12:18
coinbase,0.0,fetch time,2017-04-10 08:12:20
coinbase,0.0,fetch time,2017-04-10 08:12:22
coinbase,0.0,fetch time,2017-04-10 08:12:24
coinbase,0.0,fetch time,2017-04-10 08:12:26
coinbase,0.0,fetch time,2017-04-10 08:12:28
coinbase,0.0,fetch time,2017-04-10 08:12:29
coinbase,0.0,fetch time,2017-04-10 08:12:31
coinbase,0.0,fetch time,2017-04-10 08:12:33
coinbase,0.0,fetch time,2017-04-10 08:12:34
coinbase,0.0,fetch time,2017-04-10 08:12:36
coinbase,0.0,fetch time,2017-04-10 08:12:38
coinbase,0.0,fetch time,2017-04-10 08:12:40
coinbase,0.0,fetch time,2017-04-10 08:12:41
coinbase,0.0,fetch time,2017-04-10 08:12:43
coinbase,0.0,fetch time,2017-04-10 08:12:45
coinbase,0.0,fetch time,2017-04-10 08:12:46
coinbase,0.0,fetch time,2017-04-10 08:12:48
coinbase,0.0,fetch time,2017-04-10 08:12:50
coinbase,0.0,fetch time,2017-04-10 08:12:52
coinbase,0.0,fetch time,2017-04-10 08:12:54
coinbase,0.0,fetch time,2017-04-10 08:12:56
coinbase,0.0,fetch time,2017-04-10 08:12:57
coinbase,0.0,fetch time,2017-04-10 08:12:59
coinbase,0.0,fetch time,2017-04-10 08:13:01
coinbase,0.0,fetch time,2017-04-10 08:13:02
coinbase,0.0,fetch time,2017-04-10 08:13:19
coinbase,0.0,fetch time,2017-04-10 08:13:21
coinbase,0.0,fetch time,2017-04-10 08:13:23
coinbase,0.0,fetch time,2017-04-10 08:13:25
coinbase,0.0,fetch time,2017-04-10 08:13:26
coinbase,0.0,fetch time,2017-04-10 08:13:28
coinbase,0.0,fetch time,2017-04-10 08:13:30
coinbase,0.0,fetch time,2017-04-10 08:13:32
coinbase,0.0,fetch time,2017-04-10 08:13:33
coinbase,0.0,fetch time,2017-04-10 08:13:35
coinbase,0.0,fetch time,2017-04-10 08:13:37
coinbase,0.0,fetch time,2017-04-10 08:13:39
coinbase,0.0,fetch time,2017-04-10 08:13:41
coinbase,0.0,fetch time,2017-04-10 08:13:42
coinbase,0.0,fetch time,2017-04-10 08:13:44
coinbase,0.0,fetch time,2017-04-10 08:13:46
coinbase,0.0,fetch time,2017-04-10 08:13:48
coinbase,0.0,fetch time,2017-04-10 08:13:49
coinbase,0.0,fetch time,2017-04-10 08:13:51
coinbase,0.0,fetch time,2017-04-10 08:13:53
coinbase,0.0,fetch time,2017-04-10 08:13:55
coinbase,0.0,fetch time,2017-04-10 08:13:56
coinbase,0.0,fetch time,2017-04-10 08:13:58
coinbase,0.0,fetch time,2017-04-10 08:14:00
coinbase,0.0,fetch time,2017-04-10 08:14:35
coinbase,0.0,fetch time,2017-04-10 08:14:37
coinbase,0.0,fetch time,2017-04-10 08:14:39
coinbase,0.0,fetch time,2017-04-10 08:14:41
coinbase,0.0,fetch time,2017-04-10 08:14:42
coinbase,0.0,fetch time,2017-04-10 08:14:44
coinbase,0.0,fetch time,2017-04-10 08:14:46
coinbase,0.0,fetch time,2017-04-10 08:14:48
coinbase,0.0,fetch time,2017-04-10 08:14:49
coinbase,0.0,fetch time,2017-04-10 08:14:51
coinbase,0.0,fetch time,2017-04-10 08:14:53
coinbase,0.0,fetch time,2017-04-10 08:14:55
coinbase,0.0,fetch time,2017-04-10 08:14:56
coinbase,0.0,fetch time,2017-04-10 08:14:58
coinbase,0.0,fetch time,2017-04-10 08:15:00
coinbase,0.0,fetch time,2017-04-10 08:15:02
coinbase,0.0,fetch time,2017-04-10 08:15:03
coinbase,0.0,fetch time,2017-04-10 08:15:05
coinbase,0.0,fetch time,2017-04-10 08:15:07
coinbase,0.0,fetch time,2017-04-10 08:15:09
coinbase,0.0,fetch time,2017-04-10 08:15:11
coinbase,0.0,fetch time,2017-04-10 08:15:13
coinbase,0.0,fetch time,2017-04-10 08:15:21
coinbase,0.0,fetch time,2017-04-10 08:15:23
coinbase,0.0,fetch time,2017-04-10 08:15:25
coinbase,0.0,fetch time,2017-04-10 08:15:26
coinbase,0.0,fetch time,2017-04-10 08:15:28
coinbase,0.0,fetch time,2017-04-10 08:15:30
coinbase,0.0,fetch time,2017-04-10 08:15:32
coinbase,0.0,fetch time,2017-04-10 08:15:38
coinbase,0.0,fetch time,2017-04-10 08:15:40
coinbase,0.0,fetch time,2017-04-10 08:15:42
coinbase,0.0,fetch time,2017-04-10 08:15:43
coinbase,0.0,fetch time,2017-04-10 08:15:45
coinbase,0.0,fetch time,2017-04-10 08:15:47
coinbase,0.0,fetch time,2017-04-10 08:15:49
coinbase,0.0,fetch time,2017-04-10 08:15:50
coinbase,0.0,fetch time,2017-04-10 08:15:52
coinbase,0.0,fetch time,2017-04-10 08:15:54
coinbase,0.0,fetch time,2017-04-10 08:15:56
coinbase,0.0,fetch time,2017-04-10 08:15:57
coinbase,0.0,fetch time,2017-04-10 08:15:59
coinbase,0.0,fetch time,2017-04-10 08:16:01
coinbase,0.0,fetch time,2017-04-10 08:16:04
coinbase,0.0,fetch time,2017-04-10 08:16:06
coinbase,0.0,fetch time,2017-04-10 08:16:23
coinbase,0.0,fetch time,2017-04-10 08:16:25
coinbase,0.0,fetch time,2017-04-10 08:16:27
coinbase,0.0,fetch time,2017-04-10 08:16:28
coinbase,0.0,fetch time,2017-04-10 08:16:30
coinbase,0.0,fetch time,2017-04-10 08:16:32
coinbase,0.0,fetch time,2017-04-10 08:16:37
coinbase,0.0,fetch time,2017-04-10 08:16:39
coinbase,0.0,fetch time,2017-04-10 08:16:41
coinbase,0.0,fetch time,2017-04-10 08:16:42
coinbase,0.0,fetch time,2017-04-10 08:16:44
coinbase,0.0,fetch time,2017-04-10 08:16:46
coinbase,0.0,fetch time,2017-04-10 08:16:48
coinbase,0.0,fetch time,2017-04-10 08:16:49
coinbase,0.0,fetch time,2017-04-10 08:16:51
coinbase,0.0,fetch time,2017-04-10 08:16:53
coinbase,0.0,fetch time,2017-04-10 08:16:55
coinbase,0.0,fetch time,2017-04-10 08:16:57
coinbase,0.0,fetch time,2017-04-10 08:16:58
coinbase,0.0,fetch time,2017-04-10 08:17:00
coinbase,0.0,fetch time,2017-04-10 08:17:02
coinbase,0.0,fetch time,2017-04-10 08:17:04
coinbase,0.0,fetch time,2017-04-10 08:17:06
coinbase,0.0,fetch time,2017-04-10 08:17:22
coinbase,0.0,fetch time,2017-04-10 08:17:24
coinbase,0.0,fetch time,2017-04-10 08:17:26
coinbase,0.0,fetch time,2017-04-10 08:17:28
coinbase,0.0,fetch time,2017-04-10 08:17:31
coinbase,0.0,fetch time,2017-04-10 08:17:35
coinbase,0.0,fetch time,2017-04-10 08:17:38
coinbase,0.0,fetch time,2017-04-10 08:17:43
coinbase,0.0,fetch time,2017-04-10 08:17:46
coinbase,0.0,fetch time,2017-04-10 08:18:53
coinbase,0.0,fetch time,2017-04-10 08:18:56
coinbase,0.0,fetch time,2017-04-10 08:18:57
coinbase,0.0,fetch time,2017-04-10 08:18:59
coinbase,0.0,fetch time,2017-04-10 08:19:01
coinbase,0.0,fetch time,2017-04-10 08:19:03
coinbase,0.0,fetch time,2017-04-10 08:19:05
coinbase,0.0,fetch time,2017-04-10 08:19:06
coinbase,0.0,fetch time,2017-04-10 08:19:09
coinbase,0.0,fetch time,2017-04-10 08:19:11
coinbase,0.0,fetch time,2017-04-10 08:19:12
coinbase,0.0,fetch time,2017-04-10 08:19:14
coinbase,0.0,fetch time,2017-04-10 08:19:31
coinbase,0.0,fetch time,2017-04-10 08:19:33
coinbase,0.0,fetch time,2017-04-10 08:19:34
coinbase,0.0,fetch time,2017-04-10 08:19:36
coinbase,0.0,fetch time,2017-04-10 08:19:38
coinbase,0.0,fetch time,2017-04-10 08:19:40
coinbase,0.0,fetch time,2017-04-10 08:19:41
coinbase,0.0,fetch time,2017-04-10 08:19:43
coinbase,0.0,fetch time,2017-04-10 08:19:45
coinbase,0.0,fetch time,2017-04-10 08:19:47
coinbase,0.0,fetch time,2017-04-10 08:19:49
coinbase,0.0,fetch time,2017-04-10 08:19:50
coinbase,0.0,fetch time,2017-04-10 08:19:52
coinbase,0.0,fetch time,2017-04-10 08:19:54
coinbase,0.0,fetch time,2017-04-10 08:19:56
coinbase,0.0,fetch time,2017-04-10 08:19:57
coinbase,0.0,fetch time,2017-04-10 08:20:03
coinbase,0.0,fetch time,2017-04-10 08:20:05
coinbase,0.0,fetch time,2017-04-10 08:20:07
coinbase,0.0,fetch time,2017-04-10 08:20:08
coinbase,0.0,fetch time,2017-04-10 08:20:10
coinbase,0.0,fetch time,2017-04-10 08:20:12
coinbase,0.0,fetch time,2017-04-10 08:20:29
coinbase,0.0,fetch time,2017-04-10 08:20:30
coinbase,0.0,fetch time,2017-04-10 08:20:32
coinbase,0.0,fetch time,2017-04-10 08:20:34
coinbase,0.0,fetch time,2017-04-10 08:20:36
coinbase,0.0,fetch time,2017-04-10 08:20:38
coinbase,0.0,fetch time,2017-04-10 08:20:39
coinbase,0.0,fetch time,2017-04-10 08:20:41
coinbase,0.0,fetch time,2017-04-10 08:20:43
coinbase,0.0,fetch time,2017-04-10 08:20:44
coinbase,0.0,fetch time,2017-04-10 08:20:46
coinbase,0.0,fetch time,2017-04-10 08:20:48
coinbase,0.0,fetch time,2017-04-10 08:20:50
coinbase,0.0,fetch time,2017-04-10 08:20:51
coinbase,0.0,fetch time,2017-04-10 08:20:53
coinbase,0.0,fetch time,2017-04-10 08:20:55
coinbase,0.0,fetch time,2017-04-10 08:20:57
coinbase,0.0,fetch time,2017-04-10 08:20:58
coinbase,0.0,fetch time,2017-04-10 08:21:00
coinbase,0.0,fetch time,2017-04-10 08:21:02
coinbase,0.0,fetch time,2017-04-10 08:21:03
coinbase,0.0,fetch time,2017-04-10 08:21:05
coinbase,0.0,fetch time,2017-04-10 08:21:07
coinbase,0.0,fetch time,2017-04-10 08:21:09
coinbase,0.0,fetch time,2017-04-10 08:21:11
coinbase,0.0,fetch time,2017-04-10 08:21:13
coinbase,0.0,fetch time,2017-04-10 08:21:29
coinbase,0.0,fetch time,2017-04-10 08:21:31
coinbase,0.0,fetch time,2017-04-10 08:21:33
coinbase,0.0,fetch time,2017-04-10 08:21:34
coinbase,0.0,fetch time,2017-04-10 08:21:36
coinbase,0.0,fetch time,2017-04-10 08:21:38
coinbase,0.0,fetch time,2017-04-10 08:21:40
coinbase,0.0,fetch time,2017-04-10 08:21:41
coinbase,0.0,fetch time,2017-04-10 08:21:43
coinbase,0.0,fetch time,2017-04-10 08:21:45
coinbase,0.0,fetch time,2017-04-10 08:21:47
coinbase,0.0,fetch time,2017-04-10 08:21:48
coinbase,0.0,fetch time,2017-04-10 08:21:50
coinbase,0.0,fetch time,2017-04-10 08:21:52
coinbase,0.0,fetch time,2017-04-10 08:21:54
coinbase,0.0,fetch time,2017-04-10 08:21:55
coinbase,0.0,fetch time,2017-04-10 08:21:57
coinbase,0.0,fetch time,2017-04-10 08:21:59
coinbase,0.0,fetch time,2017-04-10 08:22:00
coinbase,0.0,fetch time,2017-04-10 08:22:02
coinbase,0.0,fetch time,2017-04-10 08:22:04
coinbase,0.0,fetch time,2017-04-10 08:22:06
coinbase,0.0,fetch time,2017-04-10 08:22:08
coinbase,0.0,fetch time,2017-04-10 08:22:09
coinbase,0.0,fetch time,2017-04-10 08:22:11
coinbase,0.0,fetch time,2017-04-10 08:22:13
coinbase,0.0,fetch time,2017-04-10 08:22:30
coinbase,0.0,fetch time,2017-04-10 08:22:31
coinbase,0.0,fetch time,2017-04-10 08:22:33
coinbase,0.0,fetch time,2017-04-10 08:22:35
coinbase,0.0,fetch time,2017-04-10 08:22:37
coinbase,0.0,fetch time,2017-04-10 08:22:38
coinbase,0.0,fetch time,2017-04-10 08:22:40
coinbase,0.0,fetch time,2017-04-10 08:22:43
coinbase,0.0,fetch time,2017-04-10 08:22:44
coinbase,0.0,fetch time,2017-04-10 08:22:46
coinbase,0.0,fetch time,2017-04-10 08:22:48
coinbase,0.0,fetch time,2017-04-10 08:22:50
coinbase,0.0,fetch time,2017-04-10 08:22:51
coinbase,0.0,fetch time,2017-04-10 08:22:53
coinbase,0.0,fetch time,2017-04-10 08:22:55
coinbase,0.0,fetch time,2017-04-10 08:22:57
coinbase,0.0,fetch time,2017-04-10 08:22:59
coinbase,0.0,fetch time,2017-04-10 08:23:03
coinbase,0.0,fetch time,2017-04-10 08:23:07
coinbase,0.0,fetch time,2017-04-10 08:23:10
coinbase,0.0,fetch time,2017-04-10 08:23:14
coinbase,0.0,fetch time,2017-04-10 08:23:17
coinbase,0.0,fetch time,2017-04-10 08:23:21
coinbase,0.0,fetch time,2017-04-10 08:23:24
coinbase,0.0,fetch time,2017-04-10 08:23:27
coinbase,0.0,fetch time,2017-04-10 08:23:31
coinbase,0.0,fetch time,2017-04-10 08:23:32
coinbase,0.0,fetch time,2017-04-10 08:23:34
coinbase,0.0,fetch time,2017-04-10 08:23:36
coinbase,0.0,fetch time,2017-04-10 08:23:39
coinbase,0.0,fetch time,2017-04-10 08:23:44
coinbase,0.0,fetch time,2017-04-10 08:23:46
coinbase,0.0,fetch time,2017-04-10 08:23:48
coinbase,0.0,fetch time,2017-04-10 08:23:50
coinbase,0.0,fetch time,2017-04-10 08:24:01
coinbase,0.0,fetch time,2017-04-10 08:24:08
coinbase,0.0,fetch time,2017-04-10 08:24:12
coinbase,0.0,fetch time,2017-04-10 08:24:15
coinbase,0.0,fetch time,2017-04-10 08:24:18
coinbase,0.0,fetch time,2017-04-10 08:24:20
coinbase,0.0,fetch time,2017-04-10 08:24:22
coinbase,0.0,fetch time,2017-04-10 08:24:24
coinbase,0.0,fetch time,2017-04-10 08:24:27
coinbase,0.0,fetch time,2017-04-10 08:24:31
coinbase,0.0,fetch time,2017-04-10 08:24:34
coinbase,0.0,fetch time,2017-04-10 08:24:36
coinbase,0.0,fetch time,2017-04-10 08:24:38
coinbase,0.0,fetch time,2017-04-10 08:24:39
coinbase,0.0,fetch time,2017-04-10 08:24:41
coinbase,0.0,fetch time,2017-04-10 08:24:45
coinbase,0.0,fetch time,2017-04-10 08:24:48
coinbase,0.0,fetch time,2017-04-10 08:24:51
coinbase,0.0,fetch time,2017-04-10 08:24:53
coinbase,0.0,fetch time,2017-04-10 08:24:55
coinbase,0.0,fetch time,2017-04-10 08:24:56
coinbase,0.0,fetch time,2017-04-10 08:24:58
coinbase,0.0,fetch time,2017-04-10 08:25:00
coinbase,0.0,fetch time,2017-04-10 08:25:02
coinbase,0.0,fetch time,2017-04-10 08:25:05
coinbase,0.0,fetch time,2017-04-10 08:25:09
coinbase,0.0,fetch time,2017-04-10 08:25:12
coinbase,0.0,fetch time,2017-04-10 08:25:16
coinbase,0.0,fetch time,2017-04-10 08:25:19
coinbase,0.0,fetch time,2017-04-10 08:25:21
coinbase,0.0,fetch time,2017-04-10 08:25:23
coinbase,0.0,fetch time,2017-04-10 08:25:26
coinbase,0.0,fetch time,2017-04-10 08:25:30
coinbase,0.0,fetch time,2017-04-10 08:25:33
coinbase,0.0,fetch time,2017-04-10 08:25:36
coinbase,0.0,fetch time,2017-04-10 08:25:37
coinbase,0.0,fetch time,2017-04-10 08:25:39
coinbase,0.0,fetch time,2017-04-10 08:25:43
coinbase,0.0,fetch time,2017-04-10 08:25:46
coinbase,0.0,fetch time,2017-04-10 08:25:49
coinbase,0.0,fetch time,2017-04-10 08:25:51
coinbase,0.0,fetch time,2017-04-10 08:25:55
coinbase,0.0,fetch time,2017-04-10 08:25:59
coinbase,0.0,fetch time,2017-04-10 08:26:02
coinbase,0.0,fetch time,2017-04-10 08:26:04
coinbase,0.0,fetch time,2017-04-10 08:26:05
coinbase,0.0,fetch time,2017-04-10 08:26:07
coinbase,0.0,fetch time,2017-04-10 08:26:09
coinbase,0.0,fetch time,2017-04-10 08:26:12
coinbase,0.0,fetch time,2017-04-10 08:26:16
coinbase,0.0,fetch time,2017-04-10 08:26:19
coinbase,0.0,fetch time,2017-04-10 08:26:21
coinbase,0.0,fetch time,2017-04-10 08:26:25
coinbase,0.0,fetch time,2017-04-10 08:26:28
coinbase,0.0,fetch time,2017-04-10 08:26:31
coinbase,0.0,fetch time,2017-04-10 08:26:33
coinbase,0.0,fetch time,2017-04-10 08:26:35
coinbase,0.0,fetch time,2017-04-10 08:26:37
coinbase,0.0,fetch time,2017-04-10 08:26:38
coinbase,0.0,fetch time,2017-04-10 08:26:40
coinbase,0.0,fetch time,2017-04-10 08:26:44
coinbase,0.0,fetch time,2017-04-10 08:26:48
coinbase,0.0,fetch time,2017-04-10 08:26:50
coinbase,0.0,fetch time,2017-04-10 08:26:52
coinbase,0.0,fetch time,2017-04-10 08:26:54
coinbase,0.0,fetch time,2017-04-10 08:26:56
coinbase,0.0,fetch time,2017-04-10 08:26:57
coinbase,0.0,fetch time,2017-04-10 08:26:59
coinbase,0.0,fetch time,2017-04-10 08:27:01
coinbase,0.0,fetch time,2017-04-10 08:27:03
coinbase,0.0,fetch time,2017-04-10 08:27:07
coinbase,0.0,fetch time,2017-04-10 08:27:10
coinbase,0.0,fetch time,2017-04-10 08:27:12
coinbase,0.0,fetch time,2017-04-10 08:27:15
coinbase,0.0,fetch time,2017-04-10 08:27:17
coinbase,0.0,fetch time,2017-04-10 08:27:19
coinbase,0.0,fetch time,2017-04-10 08:27:20
coinbase,0.0,fetch time,2017-04-10 08:27:22
coinbase,0.0,fetch time,2017-04-10 08:27:26
coinbase,0.0,fetch time,2017-04-10 08:27:29
coinbase,0.0,fetch time,2017-04-10 08:27:33
coinbase,0.0,fetch time,2017-04-10 08:27:34
coinbase,0.0,fetch time,2017-04-10 08:27:36
coinbase,0.0,fetch time,2017-04-10 08:27:38
coinbase,0.0,fetch time,2017-04-10 08:27:40
coinbase,0.0,fetch time,2017-04-10 08:27:42
coinbase,0.0,fetch time,2017-04-10 08:27:44
coinbase,0.0,fetch time,2017-04-10 08:27:49
coinbase,0.0,fetch time,2017-04-10 08:27:53
coinbase,0.0,fetch time,2017-04-10 08:27:55
coinbase,0.0,fetch time,2017-04-10 08:27:57
coinbase,0.0,fetch time,2017-04-10 08:27:59
coinbase,0.0,fetch time,2017-04-10 08:28:00
coinbase,0.0,fetch time,2017-04-10 08:28:02
coinbase,0.0,fetch time,2017-04-10 08:28:04
coinbase,0.0,fetch time,2017-04-10 08:28:07
coinbase,0.0,fetch time,2017-04-10 08:28:12
coinbase,0.0,fetch time,2017-04-10 08:28:15
coinbase,0.0,fetch time,2017-04-10 08:28:16
coinbase,0.0,fetch time,2017-04-10 08:28:18
coinbase,0.0,fetch time,2017-04-10 08:28:20
coinbase,0.0,fetch time,2017-04-10 08:28:22
coinbase,0.0,fetch time,2017-04-10 08:28:23
coinbase,0.0,fetch time,2017-04-10 08:28:25
coinbase,0.0,fetch time,2017-04-10 08:28:29
coinbase,0.0,fetch time,2017-04-10 08:28:33
coinbase,0.0,fetch time,2017-04-10 08:28:35
coinbase,0.0,fetch time,2017-04-10 08:28:37
coinbase,0.0,fetch time,2017-04-10 08:28:39
coinbase,0.0,fetch time,2017-04-10 08:28:40
coinbase,0.0,fetch time,2017-04-10 08:28:42
coinbase,0.0,fetch time,2017-04-10 08:28:46
coinbase,0.0,fetch time,2017-04-10 08:28:49
coinbase,0.0,fetch time,2017-04-10 08:28:53
coinbase,0.0,fetch time,2017-04-10 08:28:54
coinbase,0.0,fetch time,2017-04-10 08:28:56
coinbase,0.0,fetch time,2017-04-10 08:28:58
coinbase,0.0,fetch time,2017-04-10 08:29:01
coinbase,0.0,fetch time,2017-04-10 08:29:05
coinbase,0.0,fetch time,2017-04-10 08:29:08
coinbase,0.0,fetch time,2017-04-10 08:29:10
coinbase,0.0,fetch time,2017-04-10 08:29:12
coinbase,0.0,fetch time,2017-04-10 08:29:14
coinbase,0.0,fetch time,2017-04-10 08:29:15
coinbase,0.0,fetch time,2017-04-10 08:29:19
coinbase,0.0,fetch time,2017-04-10 08:29:23
coinbase,0.0,fetch time,2017-04-10 08:29:26
coinbase,0.0,fetch time,2017-04-10 08:29:28
coinbase,0.0,fetch time,2017-04-10 08:29:30
coinbase,0.0,fetch time,2017-04-10 08:29:31
coinbase,0.0,fetch time,2017-04-10 08:29:33
coinbase,0.0,fetch time,2017-04-10 08:29:35
coinbase,0.0,fetch time,2017-04-10 08:29:39
coinbase,0.0,fetch time,2017-04-10 08:29:42
coinbase,0.0,fetch time,2017-04-10 08:29:45
coinbase,0.0,fetch time,2017-04-10 08:29:47
coinbase,0.0,fetch time,2017-04-10 08:29:49
coinbase,0.0,fetch time,2017-04-10 08:29:51
coinbase,0.0,fetch time,2017-04-10 08:29:53
coinbase,0.0,fetch time,2017-04-10 08:29:56
coinbase,0.0,fetch time,2017-04-10 08:30:00
coinbase,0.0,fetch time,2017-04-10 08:30:03
coinbase,0.0,fetch time,2017-04-10 08:30:06
coinbase,0.0,fetch time,2017-04-10 08:30:09
coinbase,0.0,fetch time,2017-04-10 08:30:13
coinbase,0.0,fetch time,2017-04-10 08:30:15
coinbase,0.0,fetch time,2017-04-10 08:30:16
coinbase,0.0,fetch time,2017-04-10 08:30:18
coinbase,0.0,fetch time,2017-04-10 08:30:20
coinbase,0.0,fetch time,2017-04-10 08:30:22
coinbase,0.0,fetch time,2017-04-10 08:30:24
coinbase,0.0,fetch time,2017-04-10 08:30:27
coinbase,0.0,fetch time,2017-04-10 08:30:31
coinbase,0.0,fetch time,2017-04-10 08:30:33
coinbase,0.0,fetch time,2017-04-10 08:30:35
coinbase,0.0,fetch time,2017-04-10 08:30:37
coinbase,0.0,fetch time,2017-04-10 08:30:39
coinbase,0.0,fetch time,2017-04-10 08:30:41
coinbase,0.0,fetch time,2017-04-10 08:30:43
coinbase,0.0,fetch time,2017-04-10 08:30:44
coinbase,0.0,fetch time,2017-04-10 08:30:47
coinbase,0.0,fetch time,2017-04-10 08:30:51
coinbase,0.0,fetch time,2017-04-10 08:30:54
coinbase,0.0,fetch time,2017-04-10 08:30:56
coinbase,0.0,fetch time,2017-04-10 08:30:58
coinbase,0.0,fetch time,2017-04-10 08:31:00
coinbase,0.0,fetch time,2017-04-10 08:31:02
coinbase,0.0,fetch time,2017-04-10 08:31:03
coinbase,0.0,fetch time,2017-04-10 08:31:05
coinbase,0.0,fetch time,2017-04-10 08:31:08
coinbase,0.0,fetch time,2017-04-10 08:31:11
coinbase,0.0,fetch time,2017-04-10 08:31:16
coinbase,0.0,fetch time,2017-04-10 08:31:18
coinbase,0.0,fetch time,2017-04-10 08:31:20
coinbase,0.0,fetch time,2017-04-10 08:31:22
coinbase,0.0,fetch time,2017-04-10 08:31:23
coinbase,0.0,fetch time,2017-04-10 08:31:25
coinbase,0.0,fetch time,2017-04-10 08:31:27
coinbase,0.0,fetch time,2017-04-10 08:31:29
coinbase,0.0,fetch time,2017-04-10 08:31:32
coinbase,0.0,fetch time,2017-04-10 08:31:36
coinbase,0.0,fetch time,2017-04-10 08:31:38
coinbase,0.0,fetch time,2017-04-10 08:31:40
coinbase,0.0,fetch time,2017-04-10 08:31:42
coinbase,0.0,fetch time,2017-04-10 08:31:44
coinbase,0.0,fetch time,2017-04-10 08:31:47
coinbase,0.0,fetch time,2017-04-10 08:31:52
coinbase,0.0,fetch time,2017-04-10 08:31:54
coinbase,0.0,fetch time,2017-04-10 08:31:56
coinbase,0.0,fetch time,2017-04-10 08:31:58
coinbase,0.0,fetch time,2017-04-10 08:31:59
coinbase,0.0,fetch time,2017-04-10 08:32:01
coinbase,0.0,fetch time,2017-04-10 08:32:04
coinbase,0.0,fetch time,2017-04-10 08:32:08
coinbase,0.0,fetch time,2017-04-10 08:32:11
coinbase,0.0,fetch time,2017-04-10 08:32:13
coinbase,0.0,fetch time,2017-04-10 08:32:17
coinbase,0.0,fetch time,2017-04-10 08:32:20
coinbase,0.0,fetch time,2017-04-10 08:32:24
coinbase,0.0,fetch time,2017-04-10 08:32:27
coinbase,0.0,fetch time,2017-04-10 08:32:31
coinbase,0.0,fetch time,2017-04-10 08:32:34
coinbase,0.0,fetch time,2017-04-10 08:32:38
coinbase,0.0,fetch time,2017-04-10 08:32:42
coinbase,0.0,fetch time,2017-04-10 08:32:45
coinbase,0.0,fetch time,2017-04-10 08:32:50
coinbase,0.0,fetch time,2017-04-10 08:32:53
coinbase,0.0,fetch time,2017-04-10 08:32:57
coinbase,0.0,fetch time,2017-04-10 08:33:00
coinbase,0.0,fetch time,2017-04-10 08:33:01
coinbase,0.0,fetch time,2017-04-10 08:33:03
coinbase,0.0,fetch time,2017-04-10 08:33:07
coinbase,0.0,fetch time,2017-04-10 08:33:10
coinbase,0.0,fetch time,2017-04-10 08:33:14
coinbase,0.0,fetch time,2017-04-10 08:33:17
coinbase,0.0,fetch time,2017-04-10 08:33:21
coinbase,0.0,fetch time,2017-04-10 08:33:25
coinbase,0.0,fetch time,2017-04-10 08:33:28
coinbase,0.0,fetch time,2017-04-10 08:33:34
coinbase,0.0,fetch time,2017-04-10 08:33:40
coinbase,0.0,fetch time,2017-04-10 08:33:44
coinbase,0.0,fetch time,2017-04-10 08:33:48
coinbase,0.0,fetch time,2017-04-10 08:33:51
coinbase,0.0,fetch time,2017-04-10 08:33:56
coinbase,0.0,fetch time,2017-04-10 08:33:59
coinbase,0.0,fetch time,2017-04-10 08:34:03
coinbase,0.0,fetch time,2017-04-10 08:34:06
coinbase,0.0,fetch time,2017-04-10 08:34:10
coinbase,0.0,fetch time,2017-04-10 08:34:13
coinbase,0.0,fetch time,2017-04-10 08:34:17
coinbase,0.0,fetch time,2017-04-10 08:34:19
coinbase,0.0,fetch time,2017-04-10 08:34:21
coinbase,0.0,fetch time,2017-04-10 08:34:25
coinbase,0.0,fetch time,2017-04-10 08:34:28
coinbase,0.0,fetch time,2017-04-10 08:34:31
coinbase,0.0,fetch time,2017-04-10 08:34:33
coinbase,0.0,fetch time,2017-04-10 08:34:35
coinbase,0.0,fetch time,2017-04-10 08:34:37
coinbase,0.0,fetch time,2017-04-10 08:34:39
coinbase,0.0,fetch time,2017-04-10 08:34:43
coinbase,0.0,fetch time,2017-04-10 08:34:46
coinbase,0.0,fetch time,2017-04-10 08:34:49
coinbase,0.0,fetch time,2017-04-10 08:34:51
coinbase,0.0,fetch time,2017-04-10 08:34:53
coinbase,0.0,fetch time,2017-04-10 08:34:55
coinbase,0.0,fetch time,2017-04-10 08:34:57
coinbase,0.0,fetch time,2017-04-10 08:34:58
coinbase,0.0,fetch time,2017-04-10 08:35:00
coinbase,0.0,fetch time,2017-04-10 08:35:04
coinbase,0.0,fetch time,2017-04-10 08:35:07
coinbase,0.0,fetch time,2017-04-10 08:35:10
coinbase,0.0,fetch time,2017-04-10 08:35:11
coinbase,0.0,fetch time,2017-04-10 08:35:13
coinbase,0.0,fetch time,2017-04-10 08:35:15
coinbase,0.0,fetch time,2017-04-10 08:35:17
coinbase,0.0,fetch time,2017-04-10 08:35:18
coinbase,0.0,fetch time,2017-04-10 08:35:20
coinbase,0.0,fetch time,2017-04-10 08:35:24
coinbase,0.0,fetch time,2017-04-10 08:35:28
coinbase,0.0,fetch time,2017-04-10 08:35:31
coinbase,0.0,fetch time,2017-04-10 08:35:33
coinbase,0.0,fetch time,2017-04-10 08:35:34
coinbase,0.0,fetch time,2017-04-10 08:35:36
coinbase,0.0,fetch time,2017-04-10 08:35:38
coinbase,0.0,fetch time,2017-04-10 08:35:40
coinbase,0.0,fetch time,2017-04-10 08:35:42
coinbase,0.0,fetch time,2017-04-10 08:35:45
coinbase,0.0,fetch time,2017-04-10 08:35:49
coinbase,0.0,fetch time,2017-04-10 08:35:51
coinbase,0.0,fetch time,2017-04-10 08:35:53
coinbase,0.0,fetch time,2017-04-10 08:35:55
coinbase,0.0,fetch time,2017-04-10 08:35:57
coinbase,0.0,fetch time,2017-04-10 08:35:58
coinbase,0.0,fetch time,2017-04-10 08:36:00
coinbase,0.0,fetch time,2017-04-10 08:36:02
coinbase,0.0,fetch time,2017-04-10 08:36:05
coinbase,0.0,fetch time,2017-04-10 08:36:09
coinbase,0.0,fetch time,2017-04-10 08:36:12
coinbase,0.0,fetch time,2017-04-10 08:36:13
coinbase,0.0,fetch time,2017-04-10 08:36:15
coinbase,0.0,fetch time,2017-04-10 08:36:19
coinbase,0.0,fetch time,2017-04-10 08:36:23
coinbase,0.0,fetch time,2017-04-10 08:36:25
coinbase,0.0,fetch time,2017-04-10 08:36:27
coinbase,0.0,fetch time,2017-04-10 08:36:29
coinbase,0.0,fetch time,2017-04-10 08:36:31
coinbase,0.0,fetch time,2017-04-10 08:36:32
coinbase,0.0,fetch time,2017-04-10 08:36:34
coinbase,0.0,fetch time,2017-04-10 08:36:36
coinbase,0.0,fetch time,2017-04-10 08:36:39
coinbase,0.0,fetch time,2017-04-10 08:36:43
coinbase,0.0,fetch time,2017-04-10 08:36:46
coinbase,0.0,fetch time,2017-04-10 08:36:48
coinbase,0.0,fetch time,2017-04-10 08:36:50
coinbase,0.0,fetch time,2017-04-10 08:36:51
coinbase,0.0,fetch time,2017-04-10 08:36:53
coinbase,0.0,fetch time,2017-04-10 08:36:55
coinbase,0.0,fetch time,2017-04-10 08:36:57
coinbase,0.0,fetch time,2017-04-10 08:37:00
coinbase,0.0,fetch time,2017-04-10 08:37:05
coinbase,0.0,fetch time,2017-04-10 08:37:07
coinbase,0.0,fetch time,2017-04-10 08:37:09
coinbase,0.0,fetch time,2017-04-10 08:37:11
coinbase,0.0,fetch time,2017-04-10 08:37:13
coinbase,0.0,fetch time,2017-04-10 08:37:15
coinbase,0.0,fetch time,2017-04-10 08:37:18
coinbase,0.0,fetch time,2017-04-10 08:37:22
coinbase,0.0,fetch time,2017-04-10 08:37:24
coinbase,0.0,fetch time,2017-04-10 08:37:26
coinbase,0.0,fetch time,2017-04-10 08:37:27
coinbase,0.0,fetch time,2017-04-10 08:37:31
coinbase,0.0,fetch time,2017-04-10 08:37:35
coinbase,0.0,fetch time,2017-04-10 08:37:38
coinbase,0.0,fetch time,2017-04-10 08:37:42
coinbase,0.0,fetch time,2017-04-10 08:37:46
coinbase,0.0,fetch time,2017-04-10 08:37:48
coinbase,0.0,fetch time,2017-04-10 08:37:50
coinbase,0.0,fetch time,2017-04-10 08:37:51
coinbase,0.0,fetch time,2017-04-10 08:37:53
coinbase,0.0,fetch time,2017-04-10 08:37:56
coinbase,0.0,fetch time,2017-04-10 08:38:01
coinbase,0.0,fetch time,2017-04-10 08:38:03
coinbase,0.0,fetch time,2017-04-10 08:38:05
coinbase,0.0,fetch time,2017-04-10 08:38:07
coinbase,0.0,fetch time,2017-04-10 08:38:08
coinbase,0.0,fetch time,2017-04-10 08:38:10
coinbase,0.0,fetch time,2017-04-10 08:38:12
coinbase,0.0,fetch time,2017-04-10 08:38:14
coinbase,0.0,fetch time,2017-04-10 08:38:18
coinbase,0.0,fetch time,2017-04-10 08:38:24
coinbase,0.0,fetch time,2017-04-10 08:38:26
coinbase,0.0,fetch time,2017-04-10 08:38:27
coinbase,0.0,fetch time,2017-04-10 08:38:29
coinbase,0.0,fetch time,2017-04-10 08:38:31
coinbase,0.0,fetch time,2017-04-10 08:38:33
coinbase,0.0,fetch time,2017-04-10 08:38:35
coinbase,0.0,fetch time,2017-04-10 08:38:36
coinbase,0.0,fetch time,2017-04-10 08:38:40
coinbase,0.0,fetch time,2017-04-10 08:38:44
coinbase,0.0,fetch time,2017-04-10 08:38:47
coinbase,0.0,fetch time,2017-04-10 08:38:48
coinbase,0.0,fetch time,2017-04-10 08:38:50
coinbase,0.0,fetch time,2017-04-10 08:38:52
coinbase,0.0,fetch time,2017-04-10 08:38:54
coinbase,0.0,fetch time,2017-04-10 08:38:56
coinbase,0.0,fetch time,2017-04-10 08:39:00
coinbase,0.0,fetch time,2017-04-10 08:39:03
coinbase,0.0,fetch time,2017-04-10 08:39:06
coinbase,0.0,fetch time,2017-04-10 08:39:09
coinbase,0.0,fetch time,2017-04-10 08:39:12
coinbase,0.0,fetch time,2017-04-10 08:39:15
coinbase,0.0,fetch time,2017-04-10 08:39:19
coinbase,0.0,fetch time,2017-04-10 08:39:26
coinbase,0.0,fetch time,2017-04-10 08:39:30
coinbase,0.0,fetch time,2017-04-10 08:39:34
coinbase,0.0,fetch time,2017-04-10 08:39:37
coinbase,0.0,fetch time,2017-04-10 08:39:41
coinbase,0.0,fetch time,2017-04-10 08:39:45
coinbase,0.0,fetch time,2017-04-10 08:39:48
coinbase,0.0,fetch time,2017-04-10 08:39:52
coinbase,0.0,fetch time,2017-04-10 08:39:56
coinbase,0.0,fetch time,2017-04-10 08:40:00
coinbase,0.0,fetch time,2017-04-10 08:40:03
coinbase,0.0,fetch time,2017-04-10 08:40:05
coinbase,0.0,fetch time,2017-04-10 08:40:06
coinbase,0.0,fetch time,2017-04-10 08:40:08
coinbase,0.0,fetch time,2017-04-10 08:40:12
coinbase,0.0,fetch time,2017-04-10 08:40:15
coinbase,0.0,fetch time,2017-04-10 08:40:18
coinbase,0.0,fetch time,2017-04-10 08:40:20
coinbase,0.0,fetch time,2017-04-10 08:40:22
coinbase,0.0,fetch time,2017-04-10 08:40:24
coinbase,0.0,fetch time,2017-04-10 08:40:25
coinbase,0.0,fetch time,2017-04-10 08:40:27
coinbase,0.0,fetch time,2017-04-10 08:40:31
coinbase,0.0,fetch time,2017-04-10 08:40:36
coinbase,0.0,fetch time,2017-04-10 08:40:38
coinbase,0.0,fetch time,2017-04-10 08:40:39
coinbase,0.0,fetch time,2017-04-10 08:40:41
coinbase,0.0,fetch time,2017-04-10 08:40:43
coinbase,0.0,fetch time,2017-04-10 08:40:45
coinbase,0.0,fetch time,2017-04-10 08:40:46
coinbase,0.0,fetch time,2017-04-10 08:40:48
coinbase,0.0,fetch time,2017-04-10 08:40:52
coinbase,0.0,fetch time,2017-04-10 08:40:55
coinbase,0.0,fetch time,2017-04-10 08:40:58
coinbase,0.0,fetch time,2017-04-10 08:41:00
coinbase,0.0,fetch time,2017-04-10 08:41:02
coinbase,0.0,fetch time,2017-04-10 08:41:05
coinbase,0.0,fetch time,2017-04-10 08:41:09
coinbase,0.0,fetch time,2017-04-10 08:41:12
coinbase,0.0,fetch time,2017-04-10 08:41:14
coinbase,0.0,fetch time,2017-04-10 08:41:16
coinbase,0.0,fetch time,2017-04-10 08:41:17
coinbase,0.0,fetch time,2017-04-10 08:41:19
coinbase,0.0,fetch time,2017-04-10 08:41:21
coinbase,0.0,fetch time,2017-04-10 08:41:23
coinbase,0.0,fetch time,2017-04-10 08:41:25
coinbase,0.0,fetch time,2017-04-10 08:41:28
coinbase,0.0,fetch time,2017-04-10 08:41:32
coinbase,0.0,fetch time,2017-04-10 08:41:34
coinbase,0.0,fetch time,2017-04-10 08:41:36
coinbase,0.0,fetch time,2017-04-10 08:41:38
coinbase,0.0,fetch time,2017-04-10 08:41:40
coinbase,0.0,fetch time,2017-04-10 08:41:42
coinbase,0.0,fetch time,2017-04-10 08:41:45
coinbase,0.0,fetch time,2017-04-10 08:41:49
coinbase,0.0,fetch time,2017-04-10 08:41:52
coinbase,0.0,fetch time,2017-04-10 08:41:55
coinbase,0.0,fetch time,2017-04-10 08:41:57
coinbase,0.0,fetch time,2017-04-10 08:41:59
coinbase,0.0,fetch time,2017-04-10 08:42:02
coinbase,0.0,fetch time,2017-04-10 08:42:06
coinbase,0.0,fetch time,2017-04-10 08:42:08
coinbase,0.0,fetch time,2017-04-10 08:42:10
coinbase,0.0,fetch time,2017-04-10 08:42:17
coinbase,0.0,fetch time,2017-04-10 08:42:22
coinbase,0.0,fetch time,2017-04-10 08:42:24
coinbase,0.0,fetch time,2017-04-10 08:42:26
coinbase,0.0,fetch time,2017-04-10 08:42:31
coinbase,0.0,fetch time,2017-04-10 08:42:34
coinbase,0.0,fetch time,2017-04-10 08:42:36
coinbase,0.0,fetch time,2017-04-10 08:42:38
coinbase,0.0,fetch time,2017-04-10 08:42:40
coinbase,0.0,fetch time,2017-04-10 08:42:43
coinbase,0.0,fetch time,2017-04-10 08:42:47
coinbase,0.0,fetch time,2017-04-10 08:42:49
coinbase,0.0,fetch time,2017-04-10 08:42:52
coinbase,0.0,fetch time,2017-04-10 08:42:55
coinbase,0.0,fetch time,2017-04-10 08:42:58
coinbase,0.0,fetch time,2017-04-10 08:43:02
coinbase,0.0,fetch time,2017-04-10 08:43:05
coinbase,0.0,fetch time,2017-04-10 08:43:08
coinbase,0.0,fetch time,2017-04-10 08:43:12
coinbase,0.0,fetch time,2017-04-10 08:43:15
coinbase,0.0,fetch time,2017-04-10 08:43:18
coinbase,0.0,fetch time,2017-04-10 08:43:23
coinbase,0.0,fetch time,2017-04-10 08:43:26
coinbase,0.0,fetch time,2017-04-10 08:43:30
coinbase,0.0,fetch time,2017-04-10 08:43:33
coinbase,0.0,fetch time,2017-04-10 08:43:36
coinbase,0.0,fetch time,2017-04-10 08:43:38
coinbase,0.0,fetch time,2017-04-10 08:43:40
coinbase,0.0,fetch time,2017-04-10 08:43:42
coinbase,0.0,fetch time,2017-04-10 08:43:43
coinbase,0.0,fetch time,2017-04-10 08:43:45
coinbase,0.0,fetch time,2017-04-10 08:43:47
coinbase,0.0,fetch time,2017-04-10 08:43:49
coinbase,0.0,fetch time,2017-04-10 08:43:51
coinbase,0.0,fetch time,2017-04-10 08:43:52
coinbase,0.0,fetch time,2017-04-10 08:43:54
coinbase,0.0,fetch time,2017-04-10 08:43:56
coinbase,0.0,fetch time,2017-04-10 08:43:58
coinbase,0.0,fetch time,2017-04-10 08:44:00
coinbase,0.0,fetch time,2017-04-10 08:44:02
coinbase,0.0,fetch time,2017-04-10 08:44:04
coinbase,0.0,fetch time,2017-04-10 08:44:06
coinbase,0.0,fetch time,2017-04-10 08:44:08
coinbase,0.0,fetch time,2017-04-10 08:44:09
coinbase,0.0,fetch time,2017-04-10 08:44:11
coinbase,0.0,fetch time,2017-04-10 08:44:13
coinbase,0.0,fetch time,2017-04-10 08:44:15
coinbase,0.0,fetch time,2017-04-10 08:44:16
coinbase,0.0,fetch time,2017-04-10 08:44:18
coinbase,0.0,fetch time,2017-04-10 08:44:20
coinbase,0.0,fetch time,2017-04-10 08:44:22
coinbase,0.0,fetch time,2017-04-10 08:44:23
coinbase,0.0,fetch time,2017-04-10 08:44:25
coinbase,0.0,fetch time,2017-04-10 08:44:27
coinbase,0.0,fetch time,2017-04-10 08:44:29
coinbase,0.0,fetch time,2017-04-10 08:44:30
coinbase,0.0,fetch time,2017-04-10 08:44:32
coinbase,0.0,fetch time,2017-04-10 08:44:34
coinbase,0.0,fetch time,2017-04-10 08:44:35
coinbase,0.0,fetch time,2017-04-10 08:44:37
coinbase,0.0,fetch time,2017-04-10 08:44:39
coinbase,0.0,fetch time,2017-04-10 08:44:40
coinbase,0.0,fetch time,2017-04-10 08:44:42
coinbase,0.0,fetch time,2017-04-10 08:44:44
coinbase,0.0,fetch time,2017-04-10 08:44:46
coinbase,0.0,fetch time,2017-04-10 08:44:48
coinbase,0.0,fetch time,2017-04-10 08:44:49
coinbase,0.0,fetch time,2017-04-10 08:44:51
coinbase,0.0,fetch time,2017-04-10 08:44:53
coinbase,0.0,fetch time,2017-04-10 08:44:55
coinbase,0.0,fetch time,2017-04-10 08:44:57
coinbase,0.0,fetch time,2017-04-10 08:44:58
coinbase,0.0,fetch time,2017-04-10 08:45:00
coinbase,0.0,fetch time,2017-04-10 08:45:02
coinbase,0.0,fetch time,2017-04-10 08:45:03
coinbase,0.0,fetch time,2017-04-10 08:45:06
coinbase,0.0,fetch time,2017-04-10 08:45:07
coinbase,0.0,fetch time,2017-04-10 08:45:09
coinbase,0.0,fetch time,2017-04-10 08:45:11
coinbase,0.0,fetch time,2017-04-10 08:45:13
coinbase,0.0,fetch time,2017-04-10 08:45:15
coinbase,0.0,fetch time,2017-04-10 08:45:17
coinbase,0.0,fetch time,2017-04-10 08:45:18
coinbase,0.0,fetch time,2017-04-10 08:45:20
coinbase,0.0,fetch time,2017-04-10 08:45:22
coinbase,0.0,fetch time,2017-04-10 08:45:24
coinbase,0.0,fetch time,2017-04-10 08:45:25
coinbase,0.0,fetch time,2017-04-10 08:45:27
coinbase,0.0,fetch time,2017-04-10 08:45:29
coinbase,0.0,fetch time,2017-04-10 08:45:30
coinbase,0.0,fetch time,2017-04-10 08:45:32
coinbase,0.0,fetch time,2017-04-10 08:45:34
coinbase,0.0,fetch time,2017-04-10 08:45:36
coinbase,0.0,fetch time,2017-04-10 08:45:37
coinbase,0.0,fetch time,2017-04-10 08:45:39
coinbase,0.0,fetch time,2017-04-10 08:45:41
coinbase,0.0,fetch time,2017-04-10 08:45:43
coinbase,0.0,fetch time,2017-04-10 08:45:44
coinbase,0.0,fetch time,2017-04-10 08:45:46
coinbase,0.0,fetch time,2017-04-10 08:45:48
coinbase,0.0,fetch time,2017-04-10 08:45:50
coinbase,0.0,fetch time,2017-04-10 08:45:52
coinbase,0.0,fetch time,2017-04-10 08:45:53
coinbase,0.0,fetch time,2017-04-10 08:45:55
coinbase,0.0,fetch time,2017-04-10 08:45:57
coinbase,0.0,fetch time,2017-04-10 08:45:58
coinbase,0.0,fetch time,2017-04-10 08:46:00
coinbase,0.0,fetch time,2017-04-10 08:46:02
coinbase,0.0,fetch time,2017-04-10 08:46:04
coinbase,0.0,fetch time,2017-04-10 08:46:05
coinbase,0.0,fetch time,2017-04-10 08:46:07
coinbase,0.0,fetch time,2017-04-10 08:46:09
coinbase,0.0,fetch time,2017-04-10 08:46:11
coinbase,0.0,fetch time,2017-04-10 08:46:13
coinbase,0.0,fetch time,2017-04-10 08:46:14
coinbase,0.0,fetch time,2017-04-10 08:46:17
coinbase,0.0,fetch time,2017-04-10 08:46:18
coinbase,0.0,fetch time,2017-04-10 08:46:20
coinbase,0.0,fetch time,2017-04-10 08:46:22
coinbase,0.0,fetch time,2017-04-10 08:46:24
coinbase,0.0,fetch time,2017-04-10 08:46:25
coinbase,0.0,fetch time,2017-04-10 08:46:27
coinbase,0.0,fetch time,2017-04-10 08:46:29
coinbase,0.0,fetch time,2017-04-10 08:46:31
coinbase,0.0,fetch time,2017-04-10 08:46:32
coinbase,0.0,fetch time,2017-04-10 08:46:34
coinbase,0.0,fetch time,2017-04-10 08:46:36
coinbase,0.0,fetch time,2017-04-10 08:46:37
coinbase,0.0,fetch time,2017-04-10 08:46:39
coinbase,0.0,fetch time,2017-04-10 08:46:41
coinbase,0.0,fetch time,2017-04-10 08:46:43
