localbtc,0.0,fetch time,2017-04-10 07:56:30
localbtc,0.0,fetch time,2017-04-10 07:56:31
localbtc,0.0,fetch time,2017-04-10 07:56:33
localbtc,0.0,fetch time,2017-04-10 07:56:35
localbtc,0.0,fetch time,2017-04-10 07:56:37
localbtc,0.0,fetch time,2017-04-10 07:56:39
localbtc,0.0,fetch time,2017-04-10 07:56:40
localbtc,0.0,fetch time,2017-04-10 07:56:42
localbtc,0.0,fetch time,2017-04-10 07:56:44
localbtc,0.0,fetch time,2017-04-10 07:56:46
localbtc,0.0,fetch time,2017-04-10 07:56:48
localbtc,0.0,fetch time,2017-04-10 07:56:49
localbtc,0.0,fetch time,2017-04-10 07:56:51
localbtc,0.0,fetch time,2017-04-10 07:56:53
localbtc,0.0,fetch time,2017-04-10 07:56:55
localbtc,0.0,fetch time,2017-04-10 07:56:57
localbtc,0.0,fetch time,2017-04-10 07:56:59
localbtc,0.0,fetch time,2017-04-10 07:57:01
localbtc,0.0,fetch time,2017-04-10 07:57:02
localbtc,0.0,fetch time,2017-04-10 07:57:04
localbtc,0.0,fetch time,2017-04-10 07:57:06
localbtc,0.0,fetch time,2017-04-10 07:57:08
localbtc,0.0,fetch time,2017-04-10 07:57:10
localbtc,0.0,fetch time,2017-04-10 07:57:11
localbtc,0.0,fetch time,2017-04-10 07:57:13
localbtc,0.0,fetch time,2017-04-10 07:57:15
localbtc,0.0,fetch time,2017-04-10 07:57:17
localbtc,0.0,fetch time,2017-04-10 07:57:19
localbtc,0.0,fetch time,2017-04-10 07:57:20
localbtc,0.0,fetch time,2017-04-10 07:57:22
localbtc,0.0,fetch time,2017-04-10 07:57:24
localbtc,0.0,fetch time,2017-04-10 07:57:26
localbtc,0.0,fetch time,2017-04-10 07:57:28
localbtc,0.0,fetch time,2017-04-10 07:57:29
localbtc,0.0,fetch time,2017-04-10 07:57:31
localbtc,0.0,fetch time,2017-04-10 07:57:33
localbtc,0.0,fetch time,2017-04-10 07:57:35
localbtc,0.0,fetch time,2017-04-10 07:57:37
localbtc,0.0,fetch time,2017-04-10 07:57:39
localbtc,0.0,fetch time,2017-04-10 07:57:41
localbtc,0.0,fetch time,2017-04-10 07:57:43
localbtc,0.0,fetch time,2017-04-10 07:57:44
localbtc,0.0,fetch time,2017-04-10 07:57:47
localbtc,0.0,fetch time,2017-04-10 07:57:49
localbtc,0.0,fetch time,2017-04-10 07:57:50
localbtc,0.0,fetch time,2017-04-10 07:57:53
localbtc,0.0,fetch time,2017-04-10 07:57:55
localbtc,0.0,fetch time,2017-04-10 07:57:56
localbtc,0.0,fetch time,2017-04-10 07:57:58
localbtc,0.0,fetch time,2017-04-10 07:58:00
localbtc,0.0,fetch time,2017-04-10 07:58:02
localbtc,0.0,fetch time,2017-04-10 07:58:04
localbtc,0.0,fetch time,2017-04-10 07:58:06
localbtc,0.0,fetch time,2017-04-10 07:58:13
localbtc,0.0,fetch time,2017-04-10 07:58:15
localbtc,0.0,fetch time,2017-04-10 07:58:17
localbtc,0.0,fetch time,2017-04-10 07:58:19
localbtc,0.0,fetch time,2017-04-10 07:58:21
localbtc,0.0,fetch time,2017-04-10 07:58:22
localbtc,0.0,fetch time,2017-04-10 07:58:25
localbtc,0.0,fetch time,2017-04-10 07:58:26
localbtc,0.0,fetch time,2017-04-10 07:58:28
localbtc,0.0,fetch time,2017-04-10 07:58:30
localbtc,0.0,fetch time,2017-04-10 07:58:32
localbtc,0.0,fetch time,2017-04-10 07:58:34
localbtc,0.0,fetch time,2017-04-10 07:58:36
localbtc,0.0,fetch time,2017-04-10 07:58:38
localbtc,0.0,fetch time,2017-04-10 07:58:40
localbtc,0.0,fetch time,2017-04-10 07:58:42
localbtc,0.0,fetch time,2017-04-10 07:58:44
localbtc,0.0,fetch time,2017-04-10 07:58:46
localbtc,0.0,fetch time,2017-04-10 07:58:48
localbtc,0.0,fetch time,2017-04-10 07:58:49
localbtc,0.0,fetch time,2017-04-10 07:58:51
localbtc,0.0,fetch time,2017-04-10 07:58:53
localbtc,0.0,fetch time,2017-04-10 07:58:55
localbtc,0.0,fetch time,2017-04-10 07:58:57
localbtc,0.0,fetch time,2017-04-10 07:58:58
localbtc,0.0,fetch time,2017-04-10 07:59:00
localbtc,0.0,fetch time,2017-04-10 07:59:02
localbtc,0.0,fetch time,2017-04-10 07:59:04
localbtc,0.0,fetch time,2017-04-10 07:59:05
localbtc,0.0,fetch time,2017-04-10 07:59:07
localbtc,0.0,fetch time,2017-04-10 07:59:09
localbtc,0.0,fetch time,2017-04-10 07:59:11
localbtc,0.0,fetch time,2017-04-10 07:59:13
localbtc,0.0,fetch time,2017-04-10 07:59:15
localbtc,0.0,fetch time,2017-04-10 07:59:17
localbtc,0.0,fetch time,2017-04-10 07:59:19
localbtc,0.0,fetch time,2017-04-10 07:59:21
localbtc,0.0,fetch time,2017-04-10 07:59:23
localbtc,0.0,fetch time,2017-04-10 07:59:25
localbtc,0.0,fetch time,2017-04-10 07:59:27
localbtc,0.0,fetch time,2017-04-10 07:59:28
localbtc,0.0,fetch time,2017-04-10 07:59:30
localbtc,0.0,fetch time,2017-04-10 07:59:32
localbtc,0.0,fetch time,2017-04-10 07:59:34
localbtc,0.0,fetch time,2017-04-10 07:59:35
localbtc,0.0,fetch time,2017-04-10 07:59:37
localbtc,0.0,fetch time,2017-04-10 07:59:39
localbtc,0.0,fetch time,2017-04-10 07:59:41
localbtc,0.0,fetch time,2017-04-10 07:59:43
localbtc,0.0,fetch time,2017-04-10 07:59:45
localbtc,0.0,fetch time,2017-04-10 07:59:47
localbtc,0.0,fetch time,2017-04-10 07:59:48
localbtc,0.0,fetch time,2017-04-10 07:59:50
localbtc,0.0,fetch time,2017-04-10 07:59:52
localbtc,0.0,fetch time,2017-04-10 07:59:54
localbtc,0.0,fetch time,2017-04-10 07:59:56
localbtc,0.0,fetch time,2017-04-10 07:59:58
localbtc,0.0,fetch time,2017-04-10 07:59:59
localbtc,0.0,fetch time,2017-04-10 08:00:01
localbtc,0.0,fetch time,2017-04-10 08:00:03
localbtc,0.0,fetch time,2017-04-10 08:00:05
localbtc,0.0,fetch time,2017-04-10 08:00:07
localbtc,0.0,fetch time,2017-04-10 08:00:08
localbtc,0.0,fetch time,2017-04-10 08:00:10
localbtc,0.0,fetch time,2017-04-10 08:00:12
localbtc,0.0,fetch time,2017-04-10 08:00:14
localbtc,0.0,fetch time,2017-04-10 08:00:15
localbtc,0.0,fetch time,2017-04-10 08:00:17
localbtc,0.0,fetch time,2017-04-10 08:00:19
localbtc,0.0,fetch time,2017-04-10 08:00:21
localbtc,0.0,fetch time,2017-04-10 08:00:23
localbtc,0.0,fetch time,2017-04-10 08:00:25
localbtc,0.0,fetch time,2017-04-10 08:00:26
localbtc,0.0,fetch time,2017-04-10 08:00:28
localbtc,0.0,fetch time,2017-04-10 08:00:30
localbtc,0.0,fetch time,2017-04-10 08:00:32
localbtc,0.0,fetch time,2017-04-10 08:00:34
localbtc,0.0,fetch time,2017-04-10 08:00:36
localbtc,0.0,fetch time,2017-04-10 08:00:38
localbtc,0.0,fetch time,2017-04-10 08:00:40
localbtc,0.0,fetch time,2017-04-10 08:00:43
localbtc,0.0,fetch time,2017-04-10 08:00:45
localbtc,0.0,fetch time,2017-04-10 08:00:46
localbtc,0.0,fetch time,2017-04-10 08:00:48
localbtc,0.0,fetch time,2017-04-10 08:00:51
localbtc,0.0,fetch time,2017-04-10 08:00:53
localbtc,0.0,fetch time,2017-04-10 08:00:55
localbtc,0.0,fetch time,2017-04-10 08:00:56
localbtc,0.0,fetch time,2017-04-10 08:00:58
localbtc,0.0,fetch time,2017-04-10 08:01:01
localbtc,0.0,fetch time,2017-04-10 08:01:02
localbtc,0.0,fetch time,2017-04-10 08:01:04
localbtc,0.0,fetch time,2017-04-10 08:01:06
localbtc,0.0,fetch time,2017-04-10 08:01:08
localbtc,0.0,fetch time,2017-04-10 08:01:10
localbtc,0.0,fetch time,2017-04-10 08:01:12
localbtc,0.0,fetch time,2017-04-10 08:01:14
localbtc,0.0,fetch time,2017-04-10 08:01:15
localbtc,0.0,fetch time,2017-04-10 08:01:17
localbtc,0.0,fetch time,2017-04-10 08:01:20
localbtc,0.0,fetch time,2017-04-10 08:01:21
localbtc,0.0,fetch time,2017-04-10 08:01:24
localbtc,0.0,fetch time,2017-04-10 08:01:26
localbtc,0.0,fetch time,2017-04-10 08:01:27
localbtc,0.0,fetch time,2017-04-10 08:01:29
localbtc,0.0,fetch time,2017-04-10 08:01:31
localbtc,0.0,fetch time,2017-04-10 08:01:33
localbtc,0.0,fetch time,2017-04-10 08:01:35
localbtc,0.0,fetch time,2017-04-10 08:01:37
localbtc,0.0,fetch time,2017-04-10 08:01:38
localbtc,0.0,fetch time,2017-04-10 08:01:40
localbtc,0.0,fetch time,2017-04-10 08:01:42
localbtc,0.0,fetch time,2017-04-10 08:01:44
localbtc,0.0,fetch time,2017-04-10 08:01:46
localbtc,0.0,fetch time,2017-04-10 08:02:02
localbtc,0.0,fetch time,2017-04-10 08:02:04
localbtc,0.0,fetch time,2017-04-10 08:02:06
localbtc,0.0,fetch time,2017-04-10 08:02:08
localbtc,0.0,fetch time,2017-04-10 08:02:09
localbtc,0.0,fetch time,2017-04-10 08:02:11
localbtc,0.0,fetch time,2017-04-10 08:02:13
localbtc,0.0,fetch time,2017-04-10 08:02:15
localbtc,0.0,fetch time,2017-04-10 08:02:17
localbtc,0.0,fetch time,2017-04-10 08:02:18
localbtc,0.0,fetch time,2017-04-10 08:02:21
localbtc,0.0,fetch time,2017-04-10 08:02:23
localbtc,0.0,fetch time,2017-04-10 08:02:25
localbtc,0.0,fetch time,2017-04-10 08:02:27
localbtc,0.0,fetch time,2017-04-10 08:02:29
localbtc,0.0,fetch time,2017-04-10 08:02:31
localbtc,0.0,fetch time,2017-04-10 08:02:33
localbtc,0.0,fetch time,2017-04-10 08:02:34
localbtc,0.0,fetch time,2017-04-10 08:02:36
localbtc,0.0,fetch time,2017-04-10 08:02:38
localbtc,0.0,fetch time,2017-04-10 08:02:40
localbtc,0.0,fetch time,2017-04-10 08:02:42
localbtc,0.0,fetch time,2017-04-10 08:02:44
localbtc,0.0,fetch time,2017-04-10 08:02:46
localbtc,0.0,fetch time,2017-04-10 08:02:47
localbtc,0.0,fetch time,2017-04-10 08:02:50
localbtc,0.0,fetch time,2017-04-10 08:03:07
localbtc,0.0,fetch time,2017-04-10 08:03:09
localbtc,0.0,fetch time,2017-04-10 08:03:11
localbtc,0.0,fetch time,2017-04-10 08:03:13
localbtc,0.0,fetch time,2017-04-10 08:03:15
localbtc,0.0,fetch time,2017-04-10 08:03:17
localbtc,0.0,fetch time,2017-04-10 08:03:24
localbtc,0.0,fetch time,2017-04-10 08:03:26
localbtc,0.0,fetch time,2017-04-10 08:03:28
localbtc,0.0,fetch time,2017-04-10 08:03:30
localbtc,0.0,fetch time,2017-04-10 08:03:31
localbtc,0.0,fetch time,2017-04-10 08:03:33
localbtc,0.0,fetch time,2017-04-10 08:03:35
localbtc,0.0,fetch time,2017-04-10 08:03:37
localbtc,0.0,fetch time,2017-04-10 08:03:39
localbtc,0.0,fetch time,2017-04-10 08:03:41
localbtc,0.0,fetch time,2017-04-10 08:03:43
localbtc,0.0,fetch time,2017-04-10 08:03:45
localbtc,0.0,fetch time,2017-04-10 08:03:47
localbtc,0.0,fetch time,2017-04-10 08:03:48
localbtc,0.0,fetch time,2017-04-10 08:03:50
localbtc,0.0,fetch time,2017-04-10 08:03:52
localbtc,0.0,fetch time,2017-04-10 08:03:54
localbtc,0.0,fetch time,2017-04-10 08:03:56
localbtc,0.0,fetch time,2017-04-10 08:04:05
localbtc,0.0,fetch time,2017-04-10 08:04:07
localbtc,0.0,fetch time,2017-04-10 08:04:09
localbtc,0.0,fetch time,2017-04-10 08:04:10
localbtc,0.0,fetch time,2017-04-10 08:04:12
localbtc,0.0,fetch time,2017-04-10 08:04:14
localbtc,0.0,fetch time,2017-04-10 08:04:16
localbtc,0.0,fetch time,2017-04-10 08:04:18
localbtc,0.0,fetch time,2017-04-10 08:04:20
localbtc,0.0,fetch time,2017-04-10 08:04:22
localbtc,0.0,fetch time,2017-04-10 08:04:24
localbtc,0.0,fetch time,2017-04-10 08:04:26
localbtc,0.0,fetch time,2017-04-10 08:04:28
localbtc,0.0,fetch time,2017-04-10 08:04:30
localbtc,0.0,fetch time,2017-04-10 08:04:31
localbtc,0.0,fetch time,2017-04-10 08:04:33
localbtc,0.0,fetch time,2017-04-10 08:04:35
localbtc,0.0,fetch time,2017-04-10 08:04:37
localbtc,0.0,fetch time,2017-04-10 08:04:39
localbtc,0.0,fetch time,2017-04-10 08:04:40
localbtc,0.0,fetch time,2017-04-10 08:04:42
localbtc,0.0,fetch time,2017-04-10 08:04:44
localbtc,0.0,fetch time,2017-04-10 08:04:46
localbtc,0.0,fetch time,2017-04-10 08:04:48
localbtc,0.0,fetch time,2017-04-10 08:04:50
localbtc,0.0,fetch time,2017-04-10 08:05:07
localbtc,0.0,fetch time,2017-04-10 08:05:09
localbtc,0.0,fetch time,2017-04-10 08:05:11
localbtc,0.0,fetch time,2017-04-10 08:05:13
localbtc,0.0,fetch time,2017-04-10 08:05:14
localbtc,0.0,fetch time,2017-04-10 08:05:16
localbtc,0.0,fetch time,2017-04-10 08:05:18
localbtc,0.0,fetch time,2017-04-10 08:05:21
localbtc,0.0,fetch time,2017-04-10 08:05:22
localbtc,0.0,fetch time,2017-04-10 08:05:24
localbtc,0.0,fetch time,2017-04-10 08:05:27
localbtc,0.0,fetch time,2017-04-10 08:05:29
localbtc,0.0,fetch time,2017-04-10 08:05:31
localbtc,0.0,fetch time,2017-04-10 08:05:33
localbtc,0.0,fetch time,2017-04-10 08:05:35
localbtc,0.0,fetch time,2017-04-10 08:05:37
localbtc,0.0,fetch time,2017-04-10 08:05:39
localbtc,0.0,fetch time,2017-04-10 08:05:41
localbtc,0.0,fetch time,2017-04-10 08:05:42
localbtc,0.0,fetch time,2017-04-10 08:05:44
localbtc,0.0,fetch time,2017-04-10 08:05:46
localbtc,0.0,fetch time,2017-04-10 08:05:48
localbtc,0.0,fetch time,2017-04-10 08:05:50
localbtc,0.0,fetch time,2017-04-10 08:05:52
localbtc,0.0,fetch time,2017-04-10 08:05:54
localbtc,0.0,fetch time,2017-04-10 08:05:56
localbtc,0.0,fetch time,2017-04-10 08:06:13
localbtc,0.0,fetch time,2017-04-10 08:06:14
localbtc,0.0,fetch time,2017-04-10 08:06:16
localbtc,0.0,fetch time,2017-04-10 08:06:18
localbtc,0.0,fetch time,2017-04-10 08:06:19
localbtc,0.0,fetch time,2017-04-10 08:06:21
localbtc,0.0,fetch time,2017-04-10 08:06:23
localbtc,0.0,fetch time,2017-04-10 08:06:24
localbtc,0.0,fetch time,2017-04-10 08:06:27
localbtc,0.0,fetch time,2017-04-10 08:06:28
localbtc,0.0,fetch time,2017-04-10 08:06:30
localbtc,0.0,fetch time,2017-04-10 08:06:32
localbtc,0.0,fetch time,2017-04-10 08:06:33
localbtc,0.0,fetch time,2017-04-10 08:06:35
localbtc,0.0,fetch time,2017-04-10 08:06:37
localbtc,0.0,fetch time,2017-04-10 08:06:38
localbtc,0.0,fetch time,2017-04-10 08:06:40
localbtc,0.0,fetch time,2017-04-10 08:06:42
localbtc,0.0,fetch time,2017-04-10 08:06:44
localbtc,0.0,fetch time,2017-04-10 08:06:46
localbtc,0.0,fetch time,2017-04-10 08:06:48
localbtc,0.0,fetch time,2017-04-10 08:06:49
localbtc,0.0,fetch time,2017-04-10 08:06:51
localbtc,0.0,fetch time,2017-04-10 08:06:53
localbtc,0.0,fetch time,2017-04-10 08:06:54
localbtc,0.0,fetch time,2017-04-10 08:06:56
localbtc,0.0,fetch time,2017-04-10 08:07:13
localbtc,0.0,fetch time,2017-04-10 08:07:15
localbtc,0.0,fetch time,2017-04-10 08:07:16
localbtc,0.0,fetch time,2017-04-10 08:07:18
localbtc,0.0,fetch time,2017-04-10 08:07:20
localbtc,0.0,fetch time,2017-04-10 08:07:21
localbtc,0.0,fetch time,2017-04-10 08:07:23
localbtc,0.0,fetch time,2017-04-10 08:07:25
localbtc,0.0,fetch time,2017-04-10 08:07:26
localbtc,0.0,fetch time,2017-04-10 08:07:28
localbtc,0.0,fetch time,2017-04-10 08:07:30
localbtc,0.0,fetch time,2017-04-10 08:07:31
localbtc,0.0,fetch time,2017-04-10 08:07:33
localbtc,0.0,fetch time,2017-04-10 08:07:35
localbtc,0.0,fetch time,2017-04-10 08:07:36
localbtc,0.0,fetch time,2017-04-10 08:07:38
localbtc,0.0,fetch time,2017-04-10 08:07:39
localbtc,0.0,fetch time,2017-04-10 08:07:41
localbtc,0.0,fetch time,2017-04-10 08:07:43
localbtc,0.0,fetch time,2017-04-10 08:07:44
localbtc,0.0,fetch time,2017-04-10 08:07:46
localbtc,0.0,fetch time,2017-04-10 08:07:48
localbtc,0.0,fetch time,2017-04-10 08:07:49
localbtc,0.0,fetch time,2017-04-10 08:07:51
localbtc,0.0,fetch time,2017-04-10 08:07:53
localbtc,0.0,fetch time,2017-04-10 08:07:54
localbtc,0.0,fetch time,2017-04-10 08:07:56
localbtc,0.0,fetch time,2017-04-10 08:08:13
localbtc,0.0,fetch time,2017-04-10 08:08:14
localbtc,0.0,fetch time,2017-04-10 08:08:16
localbtc,0.0,fetch time,2017-04-10 08:08:17
localbtc,0.0,fetch time,2017-04-10 08:08:19
localbtc,0.0,fetch time,2017-04-10 08:08:21
localbtc,0.0,fetch time,2017-04-10 08:08:22
localbtc,0.0,fetch time,2017-04-10 08:08:24
localbtc,0.0,fetch time,2017-04-10 08:08:28
localbtc,0.0,fetch time,2017-04-10 08:08:29
localbtc,0.0,fetch time,2017-04-10 08:08:31
localbtc,0.0,fetch time,2017-04-10 08:08:33
localbtc,0.0,fetch time,2017-04-10 08:08:34
localbtc,0.0,fetch time,2017-04-10 08:08:36
localbtc,0.0,fetch time,2017-04-10 08:08:38
localbtc,0.0,fetch time,2017-04-10 08:08:39
localbtc,0.0,fetch time,2017-04-10 08:08:41
localbtc,0.0,fetch time,2017-04-10 08:08:43
localbtc,0.0,fetch time,2017-04-10 08:08:44
localbtc,0.0,fetch time,2017-04-10 08:08:46
localbtc,0.0,fetch time,2017-04-10 08:08:48
localbtc,0.0,fetch time,2017-04-10 08:08:50
localbtc,0.0,fetch time,2017-04-10 08:08:52
localbtc,0.0,fetch time,2017-04-10 08:08:54
localbtc,0.0,fetch time,2017-04-10 08:08:55
localbtc,0.0,fetch time,2017-04-10 08:08:57
localbtc,0.0,fetch time,2017-04-10 08:08:58
localbtc,0.0,fetch time,2017-04-10 08:09:15
localbtc,0.0,fetch time,2017-04-10 08:09:17
localbtc,0.0,fetch time,2017-04-10 08:09:18
localbtc,0.0,fetch time,2017-04-10 08:09:20
localbtc,0.0,fetch time,2017-04-10 08:09:22
localbtc,0.0,fetch time,2017-04-10 08:09:23
localbtc,0.0,fetch time,2017-04-10 08:09:25
localbtc,0.0,fetch time,2017-04-10 08:09:27
localbtc,0.0,fetch time,2017-04-10 08:09:29
localbtc,0.0,fetch time,2017-04-10 08:09:30
localbtc,0.0,fetch time,2017-04-10 08:09:32
localbtc,0.0,fetch time,2017-04-10 08:09:34
localbtc,0.0,fetch time,2017-04-10 08:09:35
localbtc,0.0,fetch time,2017-04-10 08:09:37
localbtc,0.0,fetch time,2017-04-10 08:09:38
localbtc,0.0,fetch time,2017-04-10 08:09:40
localbtc,0.0,fetch time,2017-04-10 08:09:42
localbtc,0.0,fetch time,2017-04-10 08:09:43
localbtc,0.0,fetch time,2017-04-10 08:09:45
localbtc,0.0,fetch time,2017-04-10 08:09:47
localbtc,0.0,fetch time,2017-04-10 08:09:48
localbtc,0.0,fetch time,2017-04-10 08:09:50
localbtc,0.0,fetch time,2017-04-10 08:09:52
localbtc,0.0,fetch time,2017-04-10 08:09:54
localbtc,0.0,fetch time,2017-04-10 08:09:55
localbtc,0.0,fetch time,2017-04-10 08:09:57
localbtc,0.0,fetch time,2017-04-10 08:09:58
localbtc,0.0,fetch time,2017-04-10 08:10:16
localbtc,0.0,fetch time,2017-04-10 08:10:17
localbtc,0.0,fetch time,2017-04-10 08:10:20
localbtc,0.0,fetch time,2017-04-10 08:10:22
localbtc,0.0,fetch time,2017-04-10 08:10:24
localbtc,0.0,fetch time,2017-04-10 08:10:25
localbtc,0.0,fetch time,2017-04-10 08:10:27
localbtc,0.0,fetch time,2017-04-10 08:10:30
localbtc,0.0,fetch time,2017-04-10 08:10:31
localbtc,0.0,fetch time,2017-04-10 08:10:33
localbtc,0.0,fetch time,2017-04-10 08:10:34
localbtc,0.0,fetch time,2017-04-10 08:10:36
localbtc,0.0,fetch time,2017-04-10 08:10:38
localbtc,0.0,fetch time,2017-04-10 08:10:39
localbtc,0.0,fetch time,2017-04-10 08:10:41
localbtc,0.0,fetch time,2017-04-10 08:10:43
localbtc,0.0,fetch time,2017-04-10 08:10:45
localbtc,0.0,fetch time,2017-04-10 08:10:46
localbtc,0.0,fetch time,2017-04-10 08:10:48
localbtc,0.0,fetch time,2017-04-10 08:10:50
localbtc,0.0,fetch time,2017-04-10 08:10:52
localbtc,0.0,fetch time,2017-04-10 08:10:53
localbtc,0.0,fetch time,2017-04-10 08:10:55
localbtc,0.0,fetch time,2017-04-10 08:10:57
localbtc,0.0,fetch time,2017-04-10 08:10:58
localbtc,0.0,fetch time,2017-04-10 08:11:00
localbtc,0.0,fetch time,2017-04-10 08:11:02
localbtc,0.0,fetch time,2017-04-10 08:11:03
localbtc,0.0,fetch time,2017-04-10 08:11:20
localbtc,0.0,fetch time,2017-04-10 08:11:22
localbtc,0.0,fetch time,2017-04-10 08:11:23
localbtc,0.0,fetch time,2017-04-10 08:11:25
localbtc,0.0,fetch time,2017-04-10 08:11:27
localbtc,0.0,fetch time,2017-04-10 08:11:29
localbtc,0.0,fetch time,2017-04-10 08:11:30
localbtc,0.0,fetch time,2017-04-10 08:11:32
localbtc,0.0,fetch time,2017-04-10 08:11:34
localbtc,0.0,fetch time,2017-04-10 08:11:36
localbtc,0.0,fetch time,2017-04-10 08:11:37
localbtc,0.0,fetch time,2017-04-10 08:11:39
localbtc,0.0,fetch time,2017-04-10 08:11:41
localbtc,0.0,fetch time,2017-04-10 08:11:42
localbtc,0.0,fetch time,2017-04-10 08:11:44
localbtc,0.0,fetch time,2017-04-10 08:11:45
localbtc,0.0,fetch time,2017-04-10 08:11:47
localbtc,0.0,fetch time,2017-04-10 08:11:49
localbtc,0.0,fetch time,2017-04-10 08:11:50
localbtc,0.0,fetch time,2017-04-10 08:11:52
localbtc,0.0,fetch time,2017-04-10 08:11:54
localbtc,0.0,fetch time,2017-04-10 08:11:55
localbtc,0.0,fetch time,2017-04-10 08:11:57
localbtc,0.0,fetch time,2017-04-10 08:11:59
localbtc,0.0,fetch time,2017-04-10 08:12:00
localbtc,0.0,fetch time,2017-04-10 08:12:02
localbtc,0.0,fetch time,2017-04-10 08:12:18
localbtc,0.0,fetch time,2017-04-10 08:12:20
localbtc,0.0,fetch time,2017-04-10 08:12:22
localbtc,0.0,fetch time,2017-04-10 08:12:23
localbtc,0.0,fetch time,2017-04-10 08:12:25
localbtc,0.0,fetch time,2017-04-10 08:12:26
localbtc,0.0,fetch time,2017-04-10 08:12:28
localbtc,0.0,fetch time,2017-04-10 08:12:30
localbtc,0.0,fetch time,2017-04-10 08:12:32
localbtc,0.0,fetch time,2017-04-10 08:12:33
localbtc,0.0,fetch time,2017-04-10 08:12:35
localbtc,0.0,fetch time,2017-04-10 08:12:37
localbtc,0.0,fetch time,2017-04-10 08:12:38
localbtc,0.0,fetch time,2017-04-10 08:12:40
localbtc,0.0,fetch time,2017-04-10 08:12:42
localbtc,0.0,fetch time,2017-04-10 08:12:43
localbtc,0.0,fetch time,2017-04-10 08:12:45
localbtc,0.0,fetch time,2017-04-10 08:12:46
localbtc,0.0,fetch time,2017-04-10 08:12:48
localbtc,0.0,fetch time,2017-04-10 08:12:50
localbtc,0.0,fetch time,2017-04-10 08:12:51
localbtc,0.0,fetch time,2017-04-10 08:12:53
localbtc,0.0,fetch time,2017-04-10 08:12:55
localbtc,0.0,fetch time,2017-04-10 08:12:56
localbtc,0.0,fetch time,2017-04-10 08:12:58
localbtc,0.0,fetch time,2017-04-10 08:13:00
localbtc,0.0,fetch time,2017-04-10 08:13:01
localbtc,0.0,fetch time,2017-04-10 08:13:18
localbtc,0.0,fetch time,2017-04-10 08:13:19
localbtc,0.0,fetch time,2017-04-10 08:13:21
localbtc,0.0,fetch time,2017-04-10 08:13:23
localbtc,0.0,fetch time,2017-04-10 08:13:24
localbtc,0.0,fetch time,2017-04-10 08:13:26
localbtc,0.0,fetch time,2017-04-10 08:13:28
localbtc,0.0,fetch time,2017-04-10 08:13:29
localbtc,0.0,fetch time,2017-04-10 08:13:31
localbtc,0.0,fetch time,2017-04-10 08:13:33
localbtc,0.0,fetch time,2017-04-10 08:13:34
localbtc,0.0,fetch time,2017-04-10 08:13:36
localbtc,0.0,fetch time,2017-04-10 08:13:38
localbtc,0.0,fetch time,2017-04-10 08:13:39
localbtc,0.0,fetch time,2017-04-10 08:13:41
localbtc,0.0,fetch time,2017-04-10 08:13:43
localbtc,0.0,fetch time,2017-04-10 08:13:45
localbtc,0.0,fetch time,2017-04-10 08:13:46
localbtc,0.0,fetch time,2017-04-10 08:13:48
localbtc,0.0,fetch time,2017-04-10 08:13:50
localbtc,0.0,fetch time,2017-04-10 08:13:52
localbtc,0.0,fetch time,2017-04-10 08:13:53
localbtc,0.0,fetch time,2017-04-10 08:13:55
localbtc,0.0,fetch time,2017-04-10 08:13:57
localbtc,0.0,fetch time,2017-04-10 08:13:58
localbtc,0.0,fetch time,2017-04-10 08:14:00
localbtc,0.0,fetch time,2017-04-10 08:14:33
localbtc,0.0,fetch time,2017-04-10 08:14:34
localbtc,0.0,fetch time,2017-04-10 08:14:36
localbtc,0.0,fetch time,2017-04-10 08:14:38
localbtc,0.0,fetch time,2017-04-10 08:14:40
localbtc,0.0,fetch time,2017-04-10 08:14:41
localbtc,0.0,fetch time,2017-04-10 08:14:43
localbtc,0.0,fetch time,2017-04-10 08:14:45
localbtc,0.0,fetch time,2017-04-10 08:14:46
localbtc,0.0,fetch time,2017-04-10 08:14:48
localbtc,0.0,fetch time,2017-04-10 08:14:50
localbtc,0.0,fetch time,2017-04-10 08:14:51
localbtc,0.0,fetch time,2017-04-10 08:14:53
localbtc,0.0,fetch time,2017-04-10 08:14:54
localbtc,0.0,fetch time,2017-04-10 08:14:56
localbtc,0.0,fetch time,2017-04-10 08:14:58
localbtc,0.0,fetch time,2017-04-10 08:14:59
localbtc,0.0,fetch time,2017-04-10 08:15:01
localbtc,0.0,fetch time,2017-04-10 08:15:03
localbtc,0.0,fetch time,2017-04-10 08:15:05
localbtc,0.0,fetch time,2017-04-10 08:15:06
localbtc,0.0,fetch time,2017-04-10 08:15:08
localbtc,0.0,fetch time,2017-04-10 08:15:10
localbtc,0.0,fetch time,2017-04-10 08:15:11
localbtc,0.0,fetch time,2017-04-10 08:15:13
localbtc,0.0,fetch time,2017-04-10 08:15:22
localbtc,0.0,fetch time,2017-04-10 08:15:23
localbtc,0.0,fetch time,2017-04-10 08:15:25
localbtc,0.0,fetch time,2017-04-10 08:15:26
localbtc,0.0,fetch time,2017-04-10 08:15:29
localbtc,0.0,fetch time,2017-04-10 08:15:30
localbtc,0.0,fetch time,2017-04-10 08:15:32
localbtc,0.0,fetch time,2017-04-10 08:15:34
localbtc,0.0,fetch time,2017-04-10 08:15:36
localbtc,0.0,fetch time,2017-04-10 08:15:43
localbtc,0.0,fetch time,2017-04-10 08:15:44
localbtc,0.0,fetch time,2017-04-10 08:15:46
localbtc,0.0,fetch time,2017-04-10 08:15:48
localbtc,0.0,fetch time,2017-04-10 08:15:49
localbtc,0.0,fetch time,2017-04-10 08:15:51
localbtc,0.0,fetch time,2017-04-10 08:15:53
localbtc,0.0,fetch time,2017-04-10 08:15:54
localbtc,0.0,fetch time,2017-04-10 08:15:56
localbtc,0.0,fetch time,2017-04-10 08:15:57
localbtc,0.0,fetch time,2017-04-10 08:15:59
localbtc,0.0,fetch time,2017-04-10 08:16:01
localbtc,0.0,fetch time,2017-04-10 08:16:02
localbtc,0.0,fetch time,2017-04-10 08:16:04
localbtc,0.0,fetch time,2017-04-10 08:16:06
localbtc,0.0,fetch time,2017-04-10 08:16:23
localbtc,0.0,fetch time,2017-04-10 08:16:24
localbtc,0.0,fetch time,2017-04-10 08:16:26
localbtc,0.0,fetch time,2017-04-10 08:16:28
localbtc,0.0,fetch time,2017-04-10 08:16:30
localbtc,0.0,fetch time,2017-04-10 08:16:31
localbtc,0.0,fetch time,2017-04-10 08:16:33
localbtc,0.0,fetch time,2017-04-10 08:16:34
localbtc,0.0,fetch time,2017-04-10 08:16:36
localbtc,0.0,fetch time,2017-04-10 08:16:38
localbtc,0.0,fetch time,2017-04-10 08:16:40
localbtc,0.0,fetch time,2017-04-10 08:16:41
localbtc,0.0,fetch time,2017-04-10 08:16:43
localbtc,0.0,fetch time,2017-04-10 08:16:45
localbtc,0.0,fetch time,2017-04-10 08:16:46
localbtc,0.0,fetch time,2017-04-10 08:16:48
localbtc,0.0,fetch time,2017-04-10 08:16:50
localbtc,0.0,fetch time,2017-04-10 08:16:51
localbtc,0.0,fetch time,2017-04-10 08:16:53
localbtc,0.0,fetch time,2017-04-10 08:16:55
localbtc,0.0,fetch time,2017-04-10 08:16:57
localbtc,0.0,fetch time,2017-04-10 08:16:58
localbtc,0.0,fetch time,2017-04-10 08:17:00
localbtc,0.0,fetch time,2017-04-10 08:17:02
localbtc,0.0,fetch time,2017-04-10 08:17:03
localbtc,0.0,fetch time,2017-04-10 08:17:05
localbtc,0.0,fetch time,2017-04-10 08:17:07
localbtc,0.0,fetch time,2017-04-10 08:17:23
localbtc,0.0,fetch time,2017-04-10 08:17:25
localbtc,0.0,fetch time,2017-04-10 08:17:27
localbtc,0.0,fetch time,2017-04-10 08:17:29
localbtc,0.0,fetch time,2017-04-10 08:17:32
localbtc,0.0,fetch time,2017-04-10 08:17:35
localbtc,0.0,fetch time,2017-04-10 08:17:38
localbtc,0.0,fetch time,2017-04-10 08:17:43
localbtc,0.0,fetch time,2017-04-10 08:17:45
localbtc,0.0,fetch time,2017-04-10 08:17:48
localbtc,0.0,fetch time,2017-04-10 08:18:53
localbtc,0.0,fetch time,2017-04-10 08:18:56
localbtc,0.0,fetch time,2017-04-10 08:18:58
localbtc,0.0,fetch time,2017-04-10 08:19:00
localbtc,0.0,fetch time,2017-04-10 08:19:02
localbtc,0.0,fetch time,2017-04-10 08:19:03
localbtc,0.0,fetch time,2017-04-10 08:19:05
localbtc,0.0,fetch time,2017-04-10 08:19:07
localbtc,0.0,fetch time,2017-04-10 08:19:08
localbtc,0.0,fetch time,2017-04-10 08:19:10
localbtc,0.0,fetch time,2017-04-10 08:19:12
localbtc,0.0,fetch time,2017-04-10 08:19:13
localbtc,0.0,fetch time,2017-04-10 08:19:30
localbtc,0.0,fetch time,2017-04-10 08:19:32
localbtc,0.0,fetch time,2017-04-10 08:19:33
localbtc,0.0,fetch time,2017-04-10 08:19:41
localbtc,0.0,fetch time,2017-04-10 08:19:43
localbtc,0.0,fetch time,2017-04-10 08:19:44
localbtc,0.0,fetch time,2017-04-10 08:19:46
localbtc,0.0,fetch time,2017-04-10 08:19:48
localbtc,0.0,fetch time,2017-04-10 08:19:49
localbtc,0.0,fetch time,2017-04-10 08:19:51
localbtc,0.0,fetch time,2017-04-10 08:19:52
localbtc,0.0,fetch time,2017-04-10 08:19:54
localbtc,0.0,fetch time,2017-04-10 08:19:56
localbtc,0.0,fetch time,2017-04-10 08:19:57
localbtc,0.0,fetch time,2017-04-10 08:19:59
localbtc,0.0,fetch time,2017-04-10 08:20:01
localbtc,0.0,fetch time,2017-04-10 08:20:02
localbtc,0.0,fetch time,2017-04-10 08:20:04
localbtc,0.0,fetch time,2017-04-10 08:20:06
localbtc,0.0,fetch time,2017-04-10 08:20:07
localbtc,0.0,fetch time,2017-04-10 08:20:09
localbtc,0.0,fetch time,2017-04-10 08:20:11
localbtc,0.0,fetch time,2017-04-10 08:20:12
localbtc,0.0,fetch time,2017-04-10 08:20:29
localbtc,0.0,fetch time,2017-04-10 08:20:30
localbtc,0.0,fetch time,2017-04-10 08:20:32
localbtc,0.0,fetch time,2017-04-10 08:20:34
localbtc,0.0,fetch time,2017-04-10 08:20:35
localbtc,0.0,fetch time,2017-04-10 08:20:37
localbtc,0.0,fetch time,2017-04-10 08:20:39
localbtc,0.0,fetch time,2017-04-10 08:20:40
localbtc,0.0,fetch time,2017-04-10 08:20:42
localbtc,0.0,fetch time,2017-04-10 08:20:44
localbtc,0.0,fetch time,2017-04-10 08:20:46
localbtc,0.0,fetch time,2017-04-10 08:20:47
localbtc,0.0,fetch time,2017-04-10 08:20:49
localbtc,0.0,fetch time,2017-04-10 08:20:51
localbtc,0.0,fetch time,2017-04-10 08:20:53
localbtc,0.0,fetch time,2017-04-10 08:20:54
localbtc,0.0,fetch time,2017-04-10 08:20:56
localbtc,0.0,fetch time,2017-04-10 08:20:58
localbtc,0.0,fetch time,2017-04-10 08:20:59
localbtc,0.0,fetch time,2017-04-10 08:21:01
localbtc,0.0,fetch time,2017-04-10 08:21:03
localbtc,0.0,fetch time,2017-04-10 08:21:04
localbtc,0.0,fetch time,2017-04-10 08:21:06
localbtc,0.0,fetch time,2017-04-10 08:21:08
localbtc,0.0,fetch time,2017-04-10 08:21:10
localbtc,0.0,fetch time,2017-04-10 08:21:12
localbtc,0.0,fetch time,2017-04-10 08:21:28
localbtc,0.0,fetch time,2017-04-10 08:21:30
localbtc,0.0,fetch time,2017-04-10 08:21:32
localbtc,0.0,fetch time,2017-04-10 08:21:34
localbtc,0.0,fetch time,2017-04-10 08:21:35
localbtc,0.0,fetch time,2017-04-10 08:21:37
localbtc,0.0,fetch time,2017-04-10 08:21:39
localbtc,0.0,fetch time,2017-04-10 08:21:40
localbtc,0.0,fetch time,2017-04-10 08:21:42
localbtc,0.0,fetch time,2017-04-10 08:21:43
localbtc,0.0,fetch time,2017-04-10 08:21:45
localbtc,0.0,fetch time,2017-04-10 08:21:47
localbtc,0.0,fetch time,2017-04-10 08:21:49
localbtc,0.0,fetch time,2017-04-10 08:21:50
localbtc,0.0,fetch time,2017-04-10 08:21:52
localbtc,0.0,fetch time,2017-04-10 08:21:54
localbtc,0.0,fetch time,2017-04-10 08:21:55
localbtc,0.0,fetch time,2017-04-10 08:21:57
localbtc,0.0,fetch time,2017-04-10 08:21:59
localbtc,0.0,fetch time,2017-04-10 08:22:01
localbtc,0.0,fetch time,2017-04-10 08:22:02
localbtc,0.0,fetch time,2017-04-10 08:22:04
localbtc,0.0,fetch time,2017-04-10 08:22:06
localbtc,0.0,fetch time,2017-04-10 08:22:07
localbtc,0.0,fetch time,2017-04-10 08:22:09
localbtc,0.0,fetch time,2017-04-10 08:22:11
localbtc,0.0,fetch time,2017-04-10 08:22:12
localbtc,0.0,fetch time,2017-04-10 08:22:29
localbtc,0.0,fetch time,2017-04-10 08:22:30
localbtc,0.0,fetch time,2017-04-10 08:22:32
localbtc,0.0,fetch time,2017-04-10 08:22:34
localbtc,0.0,fetch time,2017-04-10 08:22:35
localbtc,0.0,fetch time,2017-04-10 08:22:37
localbtc,0.0,fetch time,2017-04-10 08:22:39
localbtc,0.0,fetch time,2017-04-10 08:22:40
localbtc,0.0,fetch time,2017-04-10 08:22:42
localbtc,0.0,fetch time,2017-04-10 08:22:43
localbtc,0.0,fetch time,2017-04-10 08:22:45
localbtc,0.0,fetch time,2017-04-10 08:22:47
localbtc,0.0,fetch time,2017-04-10 08:22:48
localbtc,0.0,fetch time,2017-04-10 08:22:50
localbtc,0.0,fetch time,2017-04-10 08:22:52
localbtc,0.0,fetch time,2017-04-10 08:22:53
localbtc,0.0,fetch time,2017-04-10 08:22:55
localbtc,0.0,fetch time,2017-04-10 08:22:57
localbtc,0.0,fetch time,2017-04-10 08:22:58
localbtc,0.0,fetch time,2017-04-10 08:23:00
localbtc,0.0,fetch time,2017-04-10 08:23:02
localbtc,0.0,fetch time,2017-04-10 08:23:06
localbtc,0.0,fetch time,2017-04-10 08:23:09
localbtc,0.0,fetch time,2017-04-10 08:23:13
localbtc,0.0,fetch time,2017-04-10 08:23:16
localbtc,0.0,fetch time,2017-04-10 08:23:19
localbtc,0.0,fetch time,2017-04-10 08:23:23
localbtc,0.0,fetch time,2017-04-10 08:23:26
localbtc,0.0,fetch time,2017-04-10 08:23:30
localbtc,0.0,fetch time,2017-04-10 08:23:32
localbtc,0.0,fetch time,2017-04-10 08:23:34
localbtc,0.0,fetch time,2017-04-10 08:23:35
localbtc,0.0,fetch time,2017-04-10 08:23:37
localbtc,0.0,fetch time,2017-04-10 08:23:40
localbtc,0.0,fetch time,2017-04-10 08:23:44
localbtc,0.0,fetch time,2017-04-10 08:23:46
localbtc,0.0,fetch time,2017-04-10 08:23:48
localbtc,0.0,fetch time,2017-04-10 08:23:50
localbtc,0.0,fetch time,2017-04-10 08:23:53
localbtc,0.0,fetch time,2017-04-10 08:23:57
localbtc,0.0,fetch time,2017-04-10 08:24:00
localbtc,0.0,fetch time,2017-04-10 08:24:02
localbtc,0.0,fetch time,2017-04-10 08:24:03
localbtc,0.0,fetch time,2017-04-10 08:24:05
localbtc,0.0,fetch time,2017-04-10 08:24:06
localbtc,0.0,fetch time,2017-04-10 08:24:09
localbtc,0.0,fetch time,2017-04-10 08:24:12
localbtc,0.0,fetch time,2017-04-10 08:24:15
localbtc,0.0,fetch time,2017-04-10 08:24:17
localbtc,0.0,fetch time,2017-04-10 08:24:19
localbtc,0.0,fetch time,2017-04-10 08:24:21
localbtc,0.0,fetch time,2017-04-10 08:24:22
localbtc,0.0,fetch time,2017-04-10 08:24:25
localbtc,0.0,fetch time,2017-04-10 08:24:28
localbtc,0.0,fetch time,2017-04-10 08:24:32
localbtc,0.0,fetch time,2017-04-10 08:24:34
localbtc,0.0,fetch time,2017-04-10 08:24:36
localbtc,0.0,fetch time,2017-04-10 08:24:37
localbtc,0.0,fetch time,2017-04-10 08:24:39
localbtc,0.0,fetch time,2017-04-10 08:24:41
localbtc,0.0,fetch time,2017-04-10 08:24:44
localbtc,0.0,fetch time,2017-04-10 08:24:48
localbtc,0.0,fetch time,2017-04-10 08:24:51
localbtc,0.0,fetch time,2017-04-10 08:24:53
localbtc,0.0,fetch time,2017-04-10 08:24:54
localbtc,0.0,fetch time,2017-04-10 08:24:56
localbtc,0.0,fetch time,2017-04-10 08:24:58
localbtc,0.0,fetch time,2017-04-10 08:24:59
localbtc,0.0,fetch time,2017-04-10 08:25:01
localbtc,0.0,fetch time,2017-04-10 08:25:04
localbtc,0.0,fetch time,2017-04-10 08:25:08
localbtc,0.0,fetch time,2017-04-10 08:25:11
localbtc,0.0,fetch time,2017-04-10 08:25:15
localbtc,0.0,fetch time,2017-04-10 08:25:20
localbtc,0.0,fetch time,2017-04-10 08:25:22
localbtc,0.0,fetch time,2017-04-10 08:25:24
localbtc,0.0,fetch time,2017-04-10 08:25:27
localbtc,0.0,fetch time,2017-04-10 08:25:32
localbtc,0.0,fetch time,2017-04-10 08:25:34
localbtc,0.0,fetch time,2017-04-10 08:25:36
localbtc,0.0,fetch time,2017-04-10 08:25:37
localbtc,0.0,fetch time,2017-04-10 08:25:39
localbtc,0.0,fetch time,2017-04-10 08:25:43
localbtc,0.0,fetch time,2017-04-10 08:25:46
localbtc,0.0,fetch time,2017-04-10 08:25:49
localbtc,0.0,fetch time,2017-04-10 08:25:51
localbtc,0.0,fetch time,2017-04-10 08:25:55
localbtc,0.0,fetch time,2017-04-10 08:25:59
localbtc,0.0,fetch time,2017-04-10 08:26:02
localbtc,0.0,fetch time,2017-04-10 08:26:04
localbtc,0.0,fetch time,2017-04-10 08:26:06
localbtc,0.0,fetch time,2017-04-10 08:26:07
localbtc,0.0,fetch time,2017-04-10 08:26:09
localbtc,0.0,fetch time,2017-04-10 08:26:11
localbtc,0.0,fetch time,2017-04-10 08:26:15
localbtc,0.0,fetch time,2017-04-10 08:26:18
localbtc,0.0,fetch time,2017-04-10 08:26:20
localbtc,0.0,fetch time,2017-04-10 08:26:22
localbtc,0.0,fetch time,2017-04-10 08:26:26
localbtc,0.0,fetch time,2017-04-10 08:26:29
localbtc,0.0,fetch time,2017-04-10 08:26:31
localbtc,0.0,fetch time,2017-04-10 08:26:33
localbtc,0.0,fetch time,2017-04-10 08:26:34
localbtc,0.0,fetch time,2017-04-10 08:26:36
localbtc,0.0,fetch time,2017-04-10 08:26:38
localbtc,0.0,fetch time,2017-04-10 08:26:40
localbtc,0.0,fetch time,2017-04-10 08:26:43
localbtc,0.0,fetch time,2017-04-10 08:26:47
localbtc,0.0,fetch time,2017-04-10 08:26:50
localbtc,0.0,fetch time,2017-04-10 08:26:52
localbtc,0.0,fetch time,2017-04-10 08:26:53
localbtc,0.0,fetch time,2017-04-10 08:26:55
localbtc,0.0,fetch time,2017-04-10 08:26:57
localbtc,0.0,fetch time,2017-04-10 08:26:59
localbtc,0.0,fetch time,2017-04-10 08:27:00
localbtc,0.0,fetch time,2017-04-10 08:27:02
localbtc,0.0,fetch time,2017-04-10 08:27:05
localbtc,0.0,fetch time,2017-04-10 08:27:09
localbtc,0.0,fetch time,2017-04-10 08:27:12
localbtc,0.0,fetch time,2017-04-10 08:27:14
localbtc,0.0,fetch time,2017-04-10 08:27:16
localbtc,0.0,fetch time,2017-04-10 08:27:17
localbtc,0.0,fetch time,2017-04-10 08:27:19
localbtc,0.0,fetch time,2017-04-10 08:27:21
localbtc,0.0,fetch time,2017-04-10 08:27:22
localbtc,0.0,fetch time,2017-04-10 08:27:26
localbtc,0.0,fetch time,2017-04-10 08:27:29
localbtc,0.0,fetch time,2017-04-10 08:27:33
localbtc,0.0,fetch time,2017-04-10 08:27:34
localbtc,0.0,fetch time,2017-04-10 08:27:36
localbtc,0.0,fetch time,2017-04-10 08:27:38
localbtc,0.0,fetch time,2017-04-10 08:27:39
localbtc,0.0,fetch time,2017-04-10 08:27:41
localbtc,0.0,fetch time,2017-04-10 08:27:42
localbtc,0.0,fetch time,2017-04-10 08:27:44
localbtc,0.0,fetch time,2017-04-10 08:27:48
localbtc,0.0,fetch time,2017-04-10 08:27:52
localbtc,0.0,fetch time,2017-04-10 08:27:55
localbtc,0.0,fetch time,2017-04-10 08:27:56
localbtc,0.0,fetch time,2017-04-10 08:27:58
localbtc,0.0,fetch time,2017-04-10 08:28:00
localbtc,0.0,fetch time,2017-04-10 08:28:01
localbtc,0.0,fetch time,2017-04-10 08:28:03
localbtc,0.0,fetch time,2017-04-10 08:28:05
localbtc,0.0,fetch time,2017-04-10 08:28:08
localbtc,0.0,fetch time,2017-04-10 08:28:11
localbtc,0.0,fetch time,2017-04-10 08:28:14
localbtc,0.0,fetch time,2017-04-10 08:28:16
localbtc,0.0,fetch time,2017-04-10 08:28:18
localbtc,0.0,fetch time,2017-04-10 08:28:19
localbtc,0.0,fetch time,2017-04-10 08:28:21
localbtc,0.0,fetch time,2017-04-10 08:28:23
localbtc,0.0,fetch time,2017-04-10 08:28:24
localbtc,0.0,fetch time,2017-04-10 08:28:27
localbtc,0.0,fetch time,2017-04-10 08:28:31
localbtc,0.0,fetch time,2017-04-10 08:28:34
localbtc,0.0,fetch time,2017-04-10 08:28:36
localbtc,0.0,fetch time,2017-04-10 08:28:38
localbtc,0.0,fetch time,2017-04-10 08:28:39
localbtc,0.0,fetch time,2017-04-10 08:28:41
localbtc,0.0,fetch time,2017-04-10 08:28:43
localbtc,0.0,fetch time,2017-04-10 08:28:46
localbtc,0.0,fetch time,2017-04-10 08:28:49
localbtc,0.0,fetch time,2017-04-10 08:28:52
localbtc,0.0,fetch time,2017-04-10 08:28:54
localbtc,0.0,fetch time,2017-04-10 08:28:56
localbtc,0.0,fetch time,2017-04-10 08:28:58
localbtc,0.0,fetch time,2017-04-10 08:29:00
localbtc,0.0,fetch time,2017-04-10 08:29:03
localbtc,0.0,fetch time,2017-04-10 08:29:07
localbtc,0.0,fetch time,2017-04-10 08:29:09
localbtc,0.0,fetch time,2017-04-10 08:29:11
localbtc,0.0,fetch time,2017-04-10 08:29:12
localbtc,0.0,fetch time,2017-04-10 08:29:14
localbtc,0.0,fetch time,2017-04-10 08:29:15
localbtc,0.0,fetch time,2017-04-10 08:29:19
localbtc,0.0,fetch time,2017-04-10 08:29:23
localbtc,0.0,fetch time,2017-04-10 08:29:26
localbtc,0.0,fetch time,2017-04-10 08:29:27
localbtc,0.0,fetch time,2017-04-10 08:29:29
localbtc,0.0,fetch time,2017-04-10 08:29:31
localbtc,0.0,fetch time,2017-04-10 08:29:33
localbtc,0.0,fetch time,2017-04-10 08:29:34
localbtc,0.0,fetch time,2017-04-10 08:29:36
localbtc,0.0,fetch time,2017-04-10 08:29:39
localbtc,0.0,fetch time,2017-04-10 08:29:42
localbtc,0.0,fetch time,2017-04-10 08:29:45
localbtc,0.0,fetch time,2017-04-10 08:29:47
localbtc,0.0,fetch time,2017-04-10 08:29:49
localbtc,0.0,fetch time,2017-04-10 08:29:51
localbtc,0.0,fetch time,2017-04-10 08:29:53
localbtc,0.0,fetch time,2017-04-10 08:29:56
localbtc,0.0,fetch time,2017-04-10 08:30:00
localbtc,0.0,fetch time,2017-04-10 08:30:03
localbtc,0.0,fetch time,2017-04-10 08:30:05
localbtc,0.0,fetch time,2017-04-10 08:30:08
localbtc,0.0,fetch time,2017-04-10 08:30:11
localbtc,0.0,fetch time,2017-04-10 08:30:14
localbtc,0.0,fetch time,2017-04-10 08:30:15
localbtc,0.0,fetch time,2017-04-10 08:30:17
localbtc,0.0,fetch time,2017-04-10 08:30:19
localbtc,0.0,fetch time,2017-04-10 08:30:20
localbtc,0.0,fetch time,2017-04-10 08:30:22
localbtc,0.0,fetch time,2017-04-10 08:30:24
localbtc,0.0,fetch time,2017-04-10 08:30:28
localbtc,0.0,fetch time,2017-04-10 08:30:32
localbtc,0.0,fetch time,2017-04-10 08:30:33
localbtc,0.0,fetch time,2017-04-10 08:30:35
localbtc,0.0,fetch time,2017-04-10 08:30:37
localbtc,0.0,fetch time,2017-04-10 08:30:39
localbtc,0.0,fetch time,2017-04-10 08:30:40
localbtc,0.0,fetch time,2017-04-10 08:30:42
localbtc,0.0,fetch time,2017-04-10 08:30:44
localbtc,0.0,fetch time,2017-04-10 08:30:45
localbtc,0.0,fetch time,2017-04-10 08:30:50
localbtc,0.0,fetch time,2017-04-10 08:30:54
localbtc,0.0,fetch time,2017-04-10 08:30:56
localbtc,0.0,fetch time,2017-04-10 08:30:58
localbtc,0.0,fetch time,2017-04-10 08:30:59
localbtc,0.0,fetch time,2017-04-10 08:31:01
localbtc,0.0,fetch time,2017-04-10 08:31:03
localbtc,0.0,fetch time,2017-04-10 08:31:04
localbtc,0.0,fetch time,2017-04-10 08:31:06
localbtc,0.0,fetch time,2017-04-10 08:31:09
localbtc,0.0,fetch time,2017-04-10 08:31:13
localbtc,0.0,fetch time,2017-04-10 08:31:16
localbtc,0.0,fetch time,2017-04-10 08:31:18
localbtc,0.0,fetch time,2017-04-10 08:31:19
localbtc,0.0,fetch time,2017-04-10 08:31:22
localbtc,0.0,fetch time,2017-04-10 08:31:23
localbtc,0.0,fetch time,2017-04-10 08:31:25
localbtc,0.0,fetch time,2017-04-10 08:31:27
localbtc,0.0,fetch time,2017-04-10 08:31:28
localbtc,0.0,fetch time,2017-04-10 08:31:34
localbtc,0.0,fetch time,2017-04-10 08:31:37
localbtc,0.0,fetch time,2017-04-10 08:31:39
localbtc,0.0,fetch time,2017-04-10 08:31:41
localbtc,0.0,fetch time,2017-04-10 08:31:43
localbtc,0.0,fetch time,2017-04-10 08:31:44
localbtc,0.0,fetch time,2017-04-10 08:31:47
localbtc,0.0,fetch time,2017-04-10 08:31:51
localbtc,0.0,fetch time,2017-04-10 08:31:54
localbtc,0.0,fetch time,2017-04-10 08:31:55
localbtc,0.0,fetch time,2017-04-10 08:31:57
localbtc,0.0,fetch time,2017-04-10 08:31:59
localbtc,0.0,fetch time,2017-04-10 08:32:00
localbtc,0.0,fetch time,2017-04-10 08:32:02
localbtc,0.0,fetch time,2017-04-10 08:32:05
localbtc,0.0,fetch time,2017-04-10 08:32:09
localbtc,0.0,fetch time,2017-04-10 08:32:12
localbtc,0.0,fetch time,2017-04-10 08:32:14
localbtc,0.0,fetch time,2017-04-10 08:32:17
localbtc,0.0,fetch time,2017-04-10 08:32:21
localbtc,0.0,fetch time,2017-04-10 08:32:24
localbtc,0.0,fetch time,2017-04-10 08:32:27
localbtc,0.0,fetch time,2017-04-10 08:32:31
localbtc,0.0,fetch time,2017-04-10 08:32:34
localbtc,0.0,fetch time,2017-04-10 08:32:38
localbtc,0.0,fetch time,2017-04-10 08:32:41
localbtc,0.0,fetch time,2017-04-10 08:32:45
localbtc,0.0,fetch time,2017-04-10 08:32:49
localbtc,0.0,fetch time,2017-04-10 08:32:51
localbtc,0.0,fetch time,2017-04-10 08:32:55
localbtc,0.0,fetch time,2017-04-10 08:32:58
localbtc,0.0,fetch time,2017-04-10 08:33:00
localbtc,0.0,fetch time,2017-04-10 08:33:02
localbtc,0.0,fetch time,2017-04-10 08:33:03
localbtc,0.0,fetch time,2017-04-10 08:33:07
localbtc,0.0,fetch time,2017-04-10 08:33:10
localbtc,0.0,fetch time,2017-04-10 08:33:13
localbtc,0.0,fetch time,2017-04-10 08:33:17
localbtc,0.0,fetch time,2017-04-10 08:33:20
localbtc,0.0,fetch time,2017-04-10 08:33:24
localbtc,0.0,fetch time,2017-04-10 08:33:30
localbtc,0.0,fetch time,2017-04-10 08:33:33
localbtc,0.0,fetch time,2017-04-10 08:33:37
localbtc,0.0,fetch time,2017-04-10 08:33:40
localbtc,0.0,fetch time,2017-04-10 08:33:44
localbtc,0.0,fetch time,2017-04-10 08:33:47
localbtc,0.0,fetch time,2017-04-10 08:33:50
localbtc,0.0,fetch time,2017-04-10 08:33:54
localbtc,0.0,fetch time,2017-04-10 08:33:58
localbtc,0.0,fetch time,2017-04-10 08:34:02
localbtc,0.0,fetch time,2017-04-10 08:34:05
localbtc,0.0,fetch time,2017-04-10 08:34:08
localbtc,0.0,fetch time,2017-04-10 08:34:13
localbtc,0.0,fetch time,2017-04-10 08:34:17
localbtc,0.0,fetch time,2017-04-10 08:34:18
localbtc,0.0,fetch time,2017-04-10 08:34:20
localbtc,0.0,fetch time,2017-04-10 08:34:22
localbtc,0.0,fetch time,2017-04-10 08:34:26
localbtc,0.0,fetch time,2017-04-10 08:34:29
localbtc,0.0,fetch time,2017-04-10 08:34:31
localbtc,0.0,fetch time,2017-04-10 08:34:33
localbtc,0.0,fetch time,2017-04-10 08:34:35
localbtc,0.0,fetch time,2017-04-10 08:34:37
localbtc,0.0,fetch time,2017-04-10 08:34:39
localbtc,0.0,fetch time,2017-04-10 08:34:42
localbtc,0.0,fetch time,2017-04-10 08:34:45
localbtc,0.0,fetch time,2017-04-10 08:34:49
localbtc,0.0,fetch time,2017-04-10 08:34:50
localbtc,0.0,fetch time,2017-04-10 08:34:52
localbtc,0.0,fetch time,2017-04-10 08:34:54
localbtc,0.0,fetch time,2017-04-10 08:34:55
localbtc,0.0,fetch time,2017-04-10 08:34:57
localbtc,0.0,fetch time,2017-04-10 08:34:59
localbtc,0.0,fetch time,2017-04-10 08:35:01
localbtc,0.0,fetch time,2017-04-10 08:35:04
localbtc,0.0,fetch time,2017-04-10 08:35:09
localbtc,0.0,fetch time,2017-04-10 08:35:10
localbtc,0.0,fetch time,2017-04-10 08:35:12
localbtc,0.0,fetch time,2017-04-10 08:35:14
localbtc,0.0,fetch time,2017-04-10 08:35:16
localbtc,0.0,fetch time,2017-04-10 08:35:17
localbtc,0.0,fetch time,2017-04-10 08:35:19
localbtc,0.0,fetch time,2017-04-10 08:35:21
localbtc,0.0,fetch time,2017-04-10 08:35:24
localbtc,0.0,fetch time,2017-04-10 08:35:29
localbtc,0.0,fetch time,2017-04-10 08:35:31
localbtc,0.0,fetch time,2017-04-10 08:35:32
localbtc,0.0,fetch time,2017-04-10 08:35:34
localbtc,0.0,fetch time,2017-04-10 08:35:36
localbtc,0.0,fetch time,2017-04-10 08:35:38
localbtc,0.0,fetch time,2017-04-10 08:35:40
localbtc,0.0,fetch time,2017-04-10 08:35:42
localbtc,0.0,fetch time,2017-04-10 08:35:45
localbtc,0.0,fetch time,2017-04-10 08:35:48
localbtc,0.0,fetch time,2017-04-10 08:35:51
localbtc,0.0,fetch time,2017-04-10 08:35:53
localbtc,0.0,fetch time,2017-04-10 08:35:54
localbtc,0.0,fetch time,2017-04-10 08:35:56
localbtc,0.0,fetch time,2017-04-10 08:35:58
localbtc,0.0,fetch time,2017-04-10 08:35:59
localbtc,0.0,fetch time,2017-04-10 08:36:01
localbtc,0.0,fetch time,2017-04-10 08:36:04
localbtc,0.0,fetch time,2017-04-10 08:36:08
localbtc,0.0,fetch time,2017-04-10 08:36:11
localbtc,0.0,fetch time,2017-04-10 08:36:13
localbtc,0.0,fetch time,2017-04-10 08:36:15
localbtc,0.0,fetch time,2017-04-10 08:36:24
localbtc,0.0,fetch time,2017-04-10 08:36:25
localbtc,0.0,fetch time,2017-04-10 08:36:27
localbtc,0.0,fetch time,2017-04-10 08:36:29
localbtc,0.0,fetch time,2017-04-10 08:36:31
localbtc,0.0,fetch time,2017-04-10 08:36:33
localbtc,0.0,fetch time,2017-04-10 08:36:34
localbtc,0.0,fetch time,2017-04-10 08:36:36
localbtc,0.0,fetch time,2017-04-10 08:36:39
localbtc,0.0,fetch time,2017-04-10 08:36:45
localbtc,0.0,fetch time,2017-04-10 08:36:46
localbtc,0.0,fetch time,2017-04-10 08:36:48
localbtc,0.0,fetch time,2017-04-10 08:36:50
localbtc,0.0,fetch time,2017-04-10 08:36:52
localbtc,0.0,fetch time,2017-04-10 08:36:53
localbtc,0.0,fetch time,2017-04-10 08:36:55
localbtc,0.0,fetch time,2017-04-10 08:36:57
localbtc,0.0,fetch time,2017-04-10 08:37:00
localbtc,0.0,fetch time,2017-04-10 08:37:04
localbtc,0.0,fetch time,2017-04-10 08:37:06
localbtc,0.0,fetch time,2017-04-10 08:37:08
localbtc,0.0,fetch time,2017-04-10 08:37:10
localbtc,0.0,fetch time,2017-04-10 08:37:12
localbtc,0.0,fetch time,2017-04-10 08:37:14
localbtc,0.0,fetch time,2017-04-10 08:37:17
localbtc,0.0,fetch time,2017-04-10 08:37:20
localbtc,0.0,fetch time,2017-04-10 08:37:23
localbtc,0.0,fetch time,2017-04-10 08:37:25
localbtc,0.0,fetch time,2017-04-10 08:37:27
localbtc,0.0,fetch time,2017-04-10 08:37:32
localbtc,0.0,fetch time,2017-04-10 08:37:35
localbtc,0.0,fetch time,2017-04-10 08:37:39
localbtc,0.0,fetch time,2017-04-10 08:37:42
localbtc,0.0,fetch time,2017-04-10 08:37:45
localbtc,0.0,fetch time,2017-04-10 08:37:47
localbtc,0.0,fetch time,2017-04-10 08:37:49
localbtc,0.0,fetch time,2017-04-10 08:37:50
localbtc,0.0,fetch time,2017-04-10 08:37:52
localbtc,0.0,fetch time,2017-04-10 08:37:54
localbtc,0.0,fetch time,2017-04-10 08:37:57
localbtc,0.0,fetch time,2017-04-10 08:38:01
localbtc,0.0,fetch time,2017-04-10 08:38:03
localbtc,0.0,fetch time,2017-04-10 08:38:05
localbtc,0.0,fetch time,2017-04-10 08:38:07
localbtc,0.0,fetch time,2017-04-10 08:38:09
localbtc,0.0,fetch time,2017-04-10 08:38:10
localbtc,0.0,fetch time,2017-04-10 08:38:12
localbtc,0.0,fetch time,2017-04-10 08:38:14
localbtc,0.0,fetch time,2017-04-10 08:38:17
localbtc,0.0,fetch time,2017-04-10 08:38:20
localbtc,0.0,fetch time,2017-04-10 08:38:24
localbtc,0.0,fetch time,2017-04-10 08:38:25
localbtc,0.0,fetch time,2017-04-10 08:38:27
localbtc,0.0,fetch time,2017-04-10 08:38:29
localbtc,0.0,fetch time,2017-04-10 08:38:31
localbtc,0.0,fetch time,2017-04-10 08:38:32
localbtc,0.0,fetch time,2017-04-10 08:38:34
localbtc,0.0,fetch time,2017-04-10 08:38:36
localbtc,0.0,fetch time,2017-04-10 08:38:37
localbtc,0.0,fetch time,2017-04-10 08:38:41
localbtc,0.0,fetch time,2017-04-10 08:38:44
localbtc,0.0,fetch time,2017-04-10 08:38:47
localbtc,0.0,fetch time,2017-04-10 08:38:49
localbtc,0.0,fetch time,2017-04-10 08:38:51
localbtc,0.0,fetch time,2017-04-10 08:38:52
localbtc,0.0,fetch time,2017-04-10 08:38:54
localbtc,0.0,fetch time,2017-04-10 08:38:56
localbtc,0.0,fetch time,2017-04-10 08:39:01
localbtc,0.0,fetch time,2017-04-10 08:39:04
localbtc,0.0,fetch time,2017-04-10 08:39:06
localbtc,0.0,fetch time,2017-04-10 08:39:08
localbtc,0.0,fetch time,2017-04-10 08:39:11
localbtc,0.0,fetch time,2017-04-10 08:39:15
localbtc,0.0,fetch time,2017-04-10 08:39:19
localbtc,0.0,fetch time,2017-04-10 08:39:23
localbtc,0.0,fetch time,2017-04-10 08:39:26
localbtc,0.0,fetch time,2017-04-10 08:39:29
localbtc,0.0,fetch time,2017-04-10 08:39:33
localbtc,0.0,fetch time,2017-04-10 08:39:37
localbtc,0.0,fetch time,2017-04-10 08:39:40
localbtc,0.0,fetch time,2017-04-10 08:39:44
localbtc,0.0,fetch time,2017-04-10 08:39:47
localbtc,0.0,fetch time,2017-04-10 08:39:51
localbtc,0.0,fetch time,2017-04-10 08:39:55
localbtc,0.0,fetch time,2017-04-10 08:39:59
localbtc,0.0,fetch time,2017-04-10 08:40:02
localbtc,0.0,fetch time,2017-04-10 08:40:04
localbtc,0.0,fetch time,2017-04-10 08:40:06
localbtc,0.0,fetch time,2017-04-10 08:40:08
localbtc,0.0,fetch time,2017-04-10 08:40:13
localbtc,0.0,fetch time,2017-04-10 08:40:17
localbtc,0.0,fetch time,2017-04-10 08:40:18
localbtc,0.0,fetch time,2017-04-10 08:40:21
localbtc,0.0,fetch time,2017-04-10 08:40:22
localbtc,0.0,fetch time,2017-04-10 08:40:24
localbtc,0.0,fetch time,2017-04-10 08:40:26
localbtc,0.0,fetch time,2017-04-10 08:40:28
localbtc,0.0,fetch time,2017-04-10 08:40:31
localbtc,0.0,fetch time,2017-04-10 08:40:34
localbtc,0.0,fetch time,2017-04-10 08:40:37
localbtc,0.0,fetch time,2017-04-10 08:40:39
localbtc,0.0,fetch time,2017-04-10 08:40:41
localbtc,0.0,fetch time,2017-04-10 08:40:42
localbtc,0.0,fetch time,2017-04-10 08:40:44
localbtc,0.0,fetch time,2017-04-10 08:40:46
localbtc,0.0,fetch time,2017-04-10 08:40:50
localbtc,0.0,fetch time,2017-04-10 08:40:55
localbtc,0.0,fetch time,2017-04-10 08:40:58
localbtc,0.0,fetch time,2017-04-10 08:40:59
localbtc,0.0,fetch time,2017-04-10 08:41:01
localbtc,0.0,fetch time,2017-04-10 08:41:03
localbtc,0.0,fetch time,2017-04-10 08:41:06
localbtc,0.0,fetch time,2017-04-10 08:41:09
localbtc,0.0,fetch time,2017-04-10 08:41:12
localbtc,0.0,fetch time,2017-04-10 08:41:14
localbtc,0.0,fetch time,2017-04-10 08:41:16
localbtc,0.0,fetch time,2017-04-10 08:41:17
localbtc,0.0,fetch time,2017-04-10 08:41:19
localbtc,0.0,fetch time,2017-04-10 08:41:21
localbtc,0.0,fetch time,2017-04-10 08:41:23
localbtc,0.0,fetch time,2017-04-10 08:41:24
localbtc,0.0,fetch time,2017-04-10 08:41:29
localbtc,0.0,fetch time,2017-04-10 08:41:32
localbtc,0.0,fetch time,2017-04-10 08:41:34
localbtc,0.0,fetch time,2017-04-10 08:41:36
localbtc,0.0,fetch time,2017-04-10 08:41:38
localbtc,0.0,fetch time,2017-04-10 08:41:39
localbtc,0.0,fetch time,2017-04-10 08:41:41
localbtc,0.0,fetch time,2017-04-10 08:41:43
localbtc,0.0,fetch time,2017-04-10 08:41:44
localbtc,0.0,fetch time,2017-04-10 08:41:48
localbtc,0.0,fetch time,2017-04-10 08:41:51
localbtc,0.0,fetch time,2017-04-10 08:41:54
localbtc,0.0,fetch time,2017-04-10 08:41:56
localbtc,0.0,fetch time,2017-04-10 08:41:58
localbtc,0.0,fetch time,2017-04-10 08:42:01
localbtc,0.0,fetch time,2017-04-10 08:42:04
localbtc,0.0,fetch time,2017-04-10 08:42:08
localbtc,0.0,fetch time,2017-04-10 08:42:10
localbtc,0.0,fetch time,2017-04-10 08:42:12
localbtc,0.0,fetch time,2017-04-10 08:42:15
localbtc,0.0,fetch time,2017-04-10 08:42:19
localbtc,0.0,fetch time,2017-04-10 08:42:22
localbtc,0.0,fetch time,2017-04-10 08:42:24
localbtc,0.0,fetch time,2017-04-10 08:42:25
localbtc,0.0,fetch time,2017-04-10 08:42:29
localbtc,0.0,fetch time,2017-04-10 08:42:32
localbtc,0.0,fetch time,2017-04-10 08:42:36
localbtc,0.0,fetch time,2017-04-10 08:42:37
localbtc,0.0,fetch time,2017-04-10 08:42:39
localbtc,0.0,fetch time,2017-04-10 08:42:45
localbtc,0.0,fetch time,2017-04-10 08:42:48
localbtc,0.0,fetch time,2017-04-10 08:42:50
localbtc,0.0,fetch time,2017-04-10 08:42:53
localbtc,0.0,fetch time,2017-04-10 08:42:56
localbtc,0.0,fetch time,2017-04-10 08:43:00
localbtc,0.0,fetch time,2017-04-10 08:43:03
localbtc,0.0,fetch time,2017-04-10 08:43:07
localbtc,0.0,fetch time,2017-04-10 08:43:09
localbtc,0.0,fetch time,2017-04-10 08:43:12
localbtc,0.0,fetch time,2017-04-10 08:43:15
localbtc,0.0,fetch time,2017-04-10 08:43:19
localbtc,0.0,fetch time,2017-04-10 08:43:24
localbtc,0.0,fetch time,2017-04-10 08:43:27
localbtc,0.0,fetch time,2017-04-10 08:43:31
localbtc,0.0,fetch time,2017-04-10 08:43:34
localbtc,0.0,fetch time,2017-04-10 08:43:36
localbtc,0.0,fetch time,2017-04-10 08:43:38
localbtc,0.0,fetch time,2017-04-10 08:43:40
localbtc,0.0,fetch time,2017-04-10 08:43:43
localbtc,0.0,fetch time,2017-04-10 08:43:44
localbtc,0.0,fetch time,2017-04-10 08:43:46
localbtc,0.0,fetch time,2017-04-10 08:43:48
localbtc,0.0,fetch time,2017-04-10 08:43:49
localbtc,0.0,fetch time,2017-04-10 08:43:51
localbtc,0.0,fetch time,2017-04-10 08:43:53
localbtc,0.0,fetch time,2017-04-10 08:43:54
localbtc,0.0,fetch time,2017-04-10 08:43:56
localbtc,0.0,fetch time,2017-04-10 08:43:58
localbtc,0.0,fetch time,2017-04-10 08:44:00
localbtc,0.0,fetch time,2017-04-10 08:44:02
localbtc,0.0,fetch time,2017-04-10 08:44:04
localbtc,0.0,fetch time,2017-04-10 08:44:06
localbtc,0.0,fetch time,2017-04-10 08:44:07
localbtc,0.0,fetch time,2017-04-10 08:44:09
localbtc,0.0,fetch time,2017-04-10 08:44:11
localbtc,0.0,fetch time,2017-04-10 08:44:12
localbtc,0.0,fetch time,2017-04-10 08:44:14
localbtc,0.0,fetch time,2017-04-10 08:44:16
localbtc,0.0,fetch time,2017-04-10 08:44:17
localbtc,0.0,fetch time,2017-04-10 08:44:20
localbtc,0.0,fetch time,2017-04-10 08:44:21
localbtc,0.0,fetch time,2017-04-10 08:44:23
localbtc,0.0,fetch time,2017-04-10 08:44:24
localbtc,0.0,fetch time,2017-04-10 08:44:26
localbtc,0.0,fetch time,2017-04-10 08:44:28
localbtc,0.0,fetch time,2017-04-10 08:44:29
localbtc,0.0,fetch time,2017-04-10 08:44:31
localbtc,0.0,fetch time,2017-04-10 08:44:33
localbtc,0.0,fetch time,2017-04-10 08:44:34
localbtc,0.0,fetch time,2017-04-10 08:44:36
localbtc,0.0,fetch time,2017-04-10 08:44:38
localbtc,0.0,fetch time,2017-04-10 08:44:39
localbtc,0.0,fetch time,2017-04-10 08:44:41
localbtc,0.0,fetch time,2017-04-10 08:44:43
localbtc,0.0,fetch time,2017-04-10 08:44:44
localbtc,0.0,fetch time,2017-04-10 08:44:46
localbtc,0.0,fetch time,2017-04-10 08:44:48
localbtc,0.0,fetch time,2017-04-10 08:44:49
localbtc,0.0,fetch time,2017-04-10 08:44:51
localbtc,0.0,fetch time,2017-04-10 08:44:53
localbtc,0.0,fetch time,2017-04-10 08:44:54
localbtc,0.0,fetch time,2017-04-10 08:44:56
localbtc,0.0,fetch time,2017-04-10 08:44:57
localbtc,0.0,fetch time,2017-04-10 08:44:59
localbtc,0.0,fetch time,2017-04-10 08:45:01
localbtc,0.0,fetch time,2017-04-10 08:45:02
localbtc,0.0,fetch time,2017-04-10 08:45:04
localbtc,0.0,fetch time,2017-04-10 08:45:05
localbtc,0.0,fetch time,2017-04-10 08:45:07
localbtc,0.0,fetch time,2017-04-10 08:45:09
localbtc,0.0,fetch time,2017-04-10 08:45:11
localbtc,0.0,fetch time,2017-04-10 08:45:12
localbtc,0.0,fetch time,2017-04-10 08:45:14
localbtc,0.0,fetch time,2017-04-10 08:45:16
localbtc,0.0,fetch time,2017-04-10 08:45:18
localbtc,0.0,fetch time,2017-04-10 08:45:20
localbtc,0.0,fetch time,2017-04-10 08:45:21
localbtc,0.0,fetch time,2017-04-10 08:45:23
localbtc,0.0,fetch time,2017-04-10 08:45:25
localbtc,0.0,fetch time,2017-04-10 08:45:27
localbtc,0.0,fetch time,2017-04-10 08:45:28
localbtc,0.0,fetch time,2017-04-10 08:45:30
localbtc,0.0,fetch time,2017-04-10 08:45:31
localbtc,0.0,fetch time,2017-04-10 08:45:33
localbtc,0.0,fetch time,2017-04-10 08:45:35
localbtc,0.0,fetch time,2017-04-10 08:45:36
localbtc,0.0,fetch time,2017-04-10 08:45:38
localbtc,0.0,fetch time,2017-04-10 08:45:40
localbtc,0.0,fetch time,2017-04-10 08:45:41
localbtc,0.0,fetch time,2017-04-10 08:45:43
localbtc,0.0,fetch time,2017-04-10 08:45:45
localbtc,0.0,fetch time,2017-04-10 08:45:46
localbtc,0.0,fetch time,2017-04-10 08:45:48
localbtc,0.0,fetch time,2017-04-10 08:45:49
localbtc,0.0,fetch time,2017-04-10 08:45:51
localbtc,0.0,fetch time,2017-04-10 08:45:53
localbtc,0.0,fetch time,2017-04-10 08:45:54
localbtc,0.0,fetch time,2017-04-10 08:45:56
localbtc,0.0,fetch time,2017-04-10 08:45:58
localbtc,0.0,fetch time,2017-04-10 08:45:59
localbtc,0.0,fetch time,2017-04-10 08:46:01
localbtc,0.0,fetch time,2017-04-10 08:46:03
localbtc,0.0,fetch time,2017-04-10 08:46:05
localbtc,0.0,fetch time,2017-04-10 08:46:06
localbtc,0.0,fetch time,2017-04-10 08:46:08
localbtc,0.0,fetch time,2017-04-10 08:46:10
localbtc,0.0,fetch time,2017-04-10 08:46:12
localbtc,0.0,fetch time,2017-04-10 08:46:13
localbtc,0.0,fetch time,2017-04-10 08:46:15
localbtc,0.0,fetch time,2017-04-10 08:46:17
localbtc,0.0,fetch time,2017-04-10 08:46:18
localbtc,0.0,fetch time,2017-04-10 08:46:20
localbtc,0.0,fetch time,2017-04-10 08:46:22
localbtc,0.0,fetch time,2017-04-10 08:46:27
localbtc,0.0,fetch time,2017-04-10 08:46:29
localbtc,0.0,fetch time,2017-04-10 08:46:30
localbtc,0.0,fetch time,2017-04-10 08:46:33
localbtc,0.0,fetch time,2017-04-10 08:46:34
localbtc,0.0,fetch time,2017-04-10 08:46:36
localbtc,0.0,fetch time,2017-04-10 08:46:38
localbtc,0.0,fetch time,2017-04-10 08:46:39
localbtc,0.0,fetch time,2017-04-10 08:46:41
localbtc,0.0,fetch time,2017-04-10 08:46:43
